event_id,event_resource_id,origin_time_utc,magnitude,magnitude_type,region,event_latitude,event_longitude,depth_km,network,station,location,waveform_file,stationxml_file,analysis_status,failure_reason,n_gaps,channels_found,three_component,sampling_rate_hz,overlap_start_utc,overlap_end_utc,noise_window_covered,event_window_covered,response_attempted,response_status,response_exception,units_before,units_after,pre_filt,bandpass_freqmin_hz,bandpass_freqmax_used_hz,station_latitude,station_longitude,epicentral_distance_km,hypocentral_distance_km,peak_vel_hhz,peak_vel_hhn,peak_vel_hhe,peak_vel_horizontal,peak_vel_vector,rms_vel_hhz_event,rms_vel_hhz_noise,cumulative_sq_vel_hhz,peak_acc_hhz,peak_acc_horizontal,amplitude_name_velocity,amplitude_name_acceleration,plausibility,snr_peak_hhz,snr_rms_hhz,snr_peak_horizontal,snr_peak_vector,snr_peak_hhz_counts,sta_lta_method,sta_lta_method_unmasked,trigger_latency_unmasked_s,trigger_latency_first_after_mute_s,sta_lta_edge_mute_s,trigger_time_utc,trigger_latency_s,trigger_sta_lta_value,in_noise_window,in_expected_event_window,false_trigger_candidate,n_onsets_after_edge_mute,n_onsets_in_noise_window,trigger_class,sta_lta_hhn_latency_s,sta_lta_hhe_latency_s,horizontal_trigger_earlier_than_vertical,search_window_start_offset_s,search_window_end_offset_s
2020btnrcj,smi:ch.ethz.sed/sc3a/2020btnrcj,2020-01-25T19:13:28.756778,2.999039894,MLh,Graechen VS,46.23524004,7.714763478,3.670898438,CH,EMBD,--,data/raw/switzerland/2020btnrcj/CH.EMBD.--.HH.20200125T191328.mseed,data/metadata/switzerland/2020btnrcj/CH.EMBD.--.HH.xml,OK,,0,HHE;HHN;HHZ,True,120.0,2020-01-25T19:11:58.758333Z,2020-01-25T19:16:58.758000Z,True,True,True,applied,,counts,m/s,"0.05,0.08,24,48",0.1,15.0,46.21652,7.83223,9.272946979138798,9.973115913295613,0.00015311655266523412,0.00022086945593894594,0.00011370530683769988,0.00022223942451036585,0.00022594279496999286,3.6041918194617158e-06,1.623608539608939e-07,2.3383440125210516e-09,0.005737058699220573,0.011017562864287116,band_limited_pgv_m_s,band_limited_pga_m_s2,ok,943.063238027275,22.19865029984271,717.0871799904797,645.7848154003478,689.5147272367295,trigger_onset_first,trigger_onset_first,-79.615112,-74.481778,15.000416666666666,2020-01-25T19:13:24.200000Z,-4.556778,2.5385451125656355,False,False,True,31,4,search_window_pre_origin,-72.507111,-72.773778,True,-5.0,90.0
2020btnrcj,smi:ch.ethz.sed/sc3a/2020btnrcj,2020-01-25T19:13:28.756778,2.999039894,MLh,Graechen VS,46.23524004,7.714763478,3.670898438,CH,VANNI,--,data/raw/switzerland/2020btnrcj/CH.VANNI.--.HH.20200125T191328.mseed,data/metadata/switzerland/2020btnrcj/CH.VANNI.--.HH.xml,OK,,0,HHE;HHN;HHZ,True,120.0,2020-01-25T19:11:58.758333Z,2020-01-25T19:16:58.758000Z,True,True,True,applied,,counts,m/s,"0.05,0.08,24,48",0.1,15.0,46.21006,7.59678,9.498630079888809,10.183293609470333,0.00021059224514022342,0.0003081219337286785,0.0002308722524005346,0.00031754406208546286,0.0003177777703970226,6.299848941687271e-06,1.8405266427353466e-07,7.14418813799315e-09,0.008962883774891113,0.01073095983078023,band_limited_pgv_m_s,band_limited_pga_m_s2,ok,1144.195581038948,34.22851261921743,1248.7271678950337,1012.3139287576903,368.85168458360806,trigger_onset_first,trigger_onset_first,-80.007111,-74.890445,15.000416666666666,2020-01-25T19:13:27.458000Z,-1.298778,2.5072149575134333,False,False,True,29,6,search_window_pre_origin,-74.157111,-67.631778,True,-5.0,90.0
2020btnrcj,smi:ch.ethz.sed/sc3a/2020btnrcj,2020-01-25T19:13:28.756778,2.999039894,MLh,Graechen VS,46.23524004,7.714763478,3.670898438,CH,JAUN,--,data/raw/switzerland/2020btnrcj/CH.JAUN.--.HH.20200125T191328.mseed,data/metadata/switzerland/2020btnrcj/CH.JAUN.--.HH.xml,OK,,0,HHE;HHN;HHZ,True,200.0,2020-01-25T19:11:58.755000Z,2020-01-25T19:16:58.755000Z,True,True,True,applied,,counts,m/s,"0.05,0.08,40,80",0.1,15.0,46.63395,7.29096,54.95745356130325,55.07991646040246,2.108505669943102e-05,2.379782430432399e-05,2.314870053077344e-05,3.153650677681683e-05,3.153680667783775e-05,8.552192758363093e-07,4.0608967228576e-07,1.3165565875720545e-10,0.0009232526317301417,0.0009473682566210009,band_limited_pgv_m_s,band_limited_pga_m_s2,ok,51.922169260669456,2.105986273973751,49.33568908887565,41.64332325758976,30.9853837415694,trigger_onset_first,trigger_onset_first,-80.006778,-69.431778,15.000250000000001,2020-01-25T19:13:34.925000Z,6.168222,2.507132519301921,False,True,True,28,8,expected_event_window,-72.616778,-72.146778,True,-5.0,90.0
2020btnrcj,smi:ch.ethz.sed/sc3a/2020btnrcj,2020-01-25T19:13:28.756778,2.999039894,MLh,Graechen VS,46.23524004,7.714763478,3.670898438,CH,SALAN,--,data/raw/switzerland/2020btnrcj/CH.SALAN.--.HH.20200125T191328.mseed,data/metadata/switzerland/2020btnrcj/CH.SALAN.--.HH.xml,OK,,0,HHE;HHN;HHZ,True,200.0,2020-01-25T19:11:58.755000Z,2020-01-25T19:16:58.754998Z,True,True,True,applied,,counts,m/s,"0.05,0.08,40,80",0.1,15.0,46.14415,6.97302,57.98857085819371,58.10464564488681,4.163790211169806e-06,5.056765023473795e-06,3.7715445728929787e-06,5.0786477661447755e-06,5.079125206666544e-06,4.175174984759309e-07,2.580790990311905e-07,3.137862668035548e-11,0.00019034108361472814,0.0002549707034156895,band_limited_pgv_m_s,band_limited_pga_m_s2,ok,16.133775368870864,1.6177888873731352,10.205072279581742,9.060200821413414,2.9976728651494002,trigger_onset_first,trigger_onset_first,-80.006778,-59.411778,15.000250000000001,2020-01-25T19:13:24.675000Z,-4.081778,2.5025538437240815,False,False,True,26,7,search_window_pre_origin,-73.40678,-73.97178,True,-5.0,90.0
2020btnrcj,smi:ch.ethz.sed/sc3a/2020btnrcj,2020-01-25T19:13:28.756778,2.999039894,MLh,Graechen VS,46.23524004,7.714763478,3.670898438,CH,MUO,--,data/raw/switzerland/2020btnrcj/CH.MUO.--.HH.20200125T191328.mseed,data/metadata/switzerland/2020btnrcj/CH.MUO.--.HH.xml,OK,,0,HHE;HHN;HHZ,True,120.0,2020-01-25T19:11:58.755000Z,2020-01-25T19:16:58.755000Z,True,True,True,applied,,counts,m/s,"0.05,0.08,24,48",0.1,15.0,46.96765,8.63706,107.68975931638352,107.75230743219711,4.775359281301059e-06,9.342900007885548e-06,1.1266580319618257e-05,1.1270135697004676e-05,1.1399945853474203e-05,3.7710936104079187e-07,3.106209419786351e-07,2.5599249728811845e-11,0.00011562893110969724,0.00019011881259162216,band_limited_pgv_m_s,band_limited_pga_m_s2,ok,15.373590881807043,1.214050020705719,24.22106680543476,20.376799783686558,15.71591510456851,trigger_onset_first,trigger_onset_first,-79.335111,-72.335111,15.000416666666666,2020-01-25T19:13:28.330000Z,-0.426778,2.5040111804906386,False,False,True,32,8,search_window_pre_origin,-72.935111,-72.543445,True,-5.0,90.0
2020btnrcj,smi:ch.ethz.sed/sc3a/2020btnrcj,2020-01-25T19:13:28.756778,2.999039894,MLh,Graechen VS,46.23524004,7.714763478,3.670898438,CH,VDR,--,data/raw/switzerland/2020btnrcj/CH.VDR.--.HH.20200125T191328.mseed,data/metadata/switzerland/2020btnrcj/CH.VDR.--.HH.xml,OK,,0,HHE;HHN;HHZ,True,200.0,2020-01-25T19:11:58.755001Z,2020-01-25T19:16:58.755000Z,True,True,True,applied,,counts,m/s,"0.05,0.08,40,80",0.1,15.0,46.2061,9.16648,111.7315736999015,111.79186042283504,1.2483773337653815e-06,1.087851452541661e-06,1.0895711147348675e-06,1.113222889100116e-06,1.3139249678566352e-06,2.410025243879823e-07,9.964019080805573e-08,1.0455089428132207e-11,3.8361022704695214e-05,5.7760407219104536e-05,band_limited_pgv_m_s,band_limited_pga_m_s2,ok,12.528853303484967,2.418728049730889,5.164277359186617,5.53285657720032,1.7841209078503015,trigger_onset_first,trigger_onset_first,-80.006777,-55.561777,15.000250000000001,2020-01-25T19:13:27.160001Z,-1.596777,2.5290365049737,False,False,True,29,7,search_window_pre_origin,-74.361778,-74.866777,True,-5.0,90.0
2020vcnjhp,smi:ch.ethz.sed/sc3a/2020vcnjhp,2020-10-25T19:35:43.383892,4.324859837,MLh,Elm GL,46.90474746,9.124707839,1.436523438,CH,PANIX,--,data/raw/switzerland/2020vcnjhp/CH.PANIX.--.HH.20201025T193543.mseed,data/metadata/switzerland/2020vcnjhp/CH.PANIX.--.HH.xml,OK,,0,HHE;HHN;HHZ,True,200.0,2020-10-25T19:34:13.385000Z,2020-10-25T19:39:13.385000Z,True,True,True,applied,,counts,m/s,"0.05,0.08,40,80",0.1,15.0,46.825743,9.111708,8.840314746191003,8.956269558228216,0.0009718452527686657,0.0009499374777289237,0.0023715409097940965,0.0025060758296301085,0.0026772776155266054,5.0337110837537935e-05,4.6829322087202217e-07,4.5610112006834164e-07,0.024405213520477555,0.06770577660066959,band_limited_pgv_m_s,band_limited_pga_m_s2,ok,2075.29216621792,107.49058195590311,5237.579491772046,3998.8711345663323,981.7620751387773,trigger_onset_first,trigger_onset_first,-80.003892,-57.608892,15.000250000000001,2020-10-25T19:35:45.325000Z,1.941108,2.5078058716515983,False,True,True,32,9,expected_event_window,-69.233892,-72.473892,True,-5.0,90.0
2020vcnjhp,smi:ch.ethz.sed/sc3a/2020vcnjhp,2020-10-25T19:35:43.383892,4.324859837,MLh,Elm GL,46.90474746,9.124707839,1.436523438,CH,PLONS,--,data/raw/switzerland/2020vcnjhp/CH.PLONS.--.HH.20201025T193543.mseed,data/metadata/switzerland/2020vcnjhp/CH.PLONS.--.HH.xml,OK,,0,HHE;HHN;HHZ,True,200.0,2020-10-25T19:34:13.385000Z,2020-10-25T19:39:13.385000Z,True,True,True,applied,,counts,m/s,"0.05,0.08,40,80",0.1,15.0,47.04921,9.38076,25.207242114160486,25.248141606657494,0.0005024428669101763,0.0003310069349031263,0.00027451495503036063,0.0003420742122627133,0.0005252327711644764,2.7375674720180532e-05,2.819648204922092e-07,1.349007090871556e-07,0.02076753349125955,0.014114776284140167,band_limited_pgv_m_s,band_limited_pga_m_s2,ok,1781.934590397099,97.08897256186941,753.861040189653,983.152852217125,437.48233964010245,trigger_onset_first,trigger_onset_first,-80.003892,-72.883892,15.000250000000001,2020-10-25T19:35:47.910000Z,4.526108,2.5230595897484442,False,True,True,31,7,expected_event_window,-74.103892,-66.033892,True,-5.0,90.0
2020vcnjhp,smi:ch.ethz.sed/sc3a/2020vcnjhp,2020-10-25T19:35:43.383892,4.324859837,MLh,Elm GL,46.90474746,9.124707839,1.436523438,CH,VDL,--,data/raw/switzerland/2020vcnjhp/CH.VDL.--.HH.20201025T193543.mseed,data/metadata/switzerland/2020vcnjhp/CH.VDL.--.HH.xml,OK,,0,HHE;HHN;HHZ,True,200.0,2020-10-25T19:34:13.385000Z,2020-10-25T19:39:13.385000Z,True,True,True,applied,,counts,m/s,"0.05,0.08,40,80",0.1,15.0,46.48318,9.44956,53.020787271667764,53.040243989779775,9.561306210673254e-05,0.0001491314949252379,0.00010141366321386436,0.00014927791016645882,0.00016573592739593365,7.855070013329505e-06,2.9816111613877644e-07,1.1106690995200085e-08,0.0022376363684209707,0.005295216404149574,band_limited_pgv_m_s,band_limited_pga_m_s2,ok,320.6758256909338,26.34505167895009,390.16340178040747,341.6795935223866,50.330796213129155,trigger_onset_first,trigger_onset_first,-79.738892,-74.838892,15.000250000000001,2020-10-25T19:35:40.580000Z,-2.803892,2.501366063795479,False,False,True,28,5,search_window_pre_origin,-73.623892,-71.358892,True,-5.0,90.0
2020vcnjhp,smi:ch.ethz.sed/sc3a/2020vcnjhp,2020-10-25T19:35:43.383892,4.324859837,MLh,Elm GL,46.90474746,9.124707839,1.436523438,CH,BNALP,--,data/raw/switzerland/2020vcnjhp/CH.BNALP.--.HH.20201025T193543.mseed,data/metadata/switzerland/2020vcnjhp/CH.BNALP.--.HH.xml,OK,,0,HHE;HHN;HHZ,True,200.0,2020-10-25T19:34:13.385000Z,2020-10-25T19:39:13.385000Z,True,True,True,applied,,counts,m/s,"0.05,0.08,40,80",0.1,15.0,46.87034,8.4249,53.31861982103072,53.33796789537012,0.00013261105904525003,0.0001754861620012454,8.587637462757156e-05,0.00017775115815575306,0.00019027652728398426,8.203127519376714e-06,5.514189472136788e-07,1.2112770654353499e-08,0.0020259071897555355,0.0031222469245957563,band_limited_pgv_m_s,band_limited_pga_m_s2,ok,240.49057384649913,14.87639762983687,319.1224491875072,242.7676559728627,54.284250337069636,trigger_onset_first,trigger_onset_first,-80.003892,-59.268892,15.000250000000001,2020-10-25T19:35:42.930000Z,-0.453892,2.500533428186359,False,False,True,34,5,search_window_pre_origin,-71.383892,-73.773892,True,-5.0,90.0
2020vcnjhp,smi:ch.ethz.sed/sc3a/2020vcnjhp,2020-10-25T19:35:43.383892,4.324859837,MLh,Elm GL,46.90474746,9.124707839,1.436523438,CH,SULZ,--,data/raw/switzerland/2020vcnjhp/CH.SULZ.--.HH.20201025T193543.mseed,data/metadata/switzerland/2020vcnjhp/CH.SULZ.--.HH.xml,OK,,0,HHE;HHN;HHZ,True,200.0,2020-10-25T19:34:13.385000Z,2020-10-25T19:39:13.385000Z,True,True,True,applied,,counts,m/s,"0.05,0.08,40,80",0.1,15.0,47.52753,8.11187,103.18457101558715,103.19457008611776,0.00013521564763514348,0.00021319520886449025,0.00024791883454627873,0.0002708060441001797,0.00027123291650274766,1.295581792969606e-05,3.056454913845172e-07,3.021441854702924e-08,0.001760453489823165,0.0030362630086975383,band_limited_pgv_m_s,band_limited_pga_m_s2,ok,442.39372556304284,42.38838227584714,502.06418129046705,437.4976681879651,65.78688866345117,trigger_onset_first,trigger_onset_first,-80.003892,-71.123892,15.000250000000001,2020-10-25T19:35:40.420000Z,-2.963892,2.5014318755002893,False,False,True,27,5,search_window_pre_origin,-67.748892,-72.928892,True,-5.0,90.0
2020vcnjhp,smi:ch.ethz.sed/sc3a/2020vcnjhp,2020-10-25T19:35:43.383892,4.324859837,MLh,Elm GL,46.90474746,9.124707839,1.436523438,CH,SLE,--,data/raw/switzerland/2020vcnjhp/CH.SLE.--.HH.20201025T193543.mseed,data/metadata/switzerland/2020vcnjhp/CH.SLE.--.HH.xml,OK,,0,HHE;HHN;HHZ,True,200.0,2020-10-25T19:34:13.385001Z,2020-10-25T19:39:13.385000Z,True,True,True,applied,,counts,m/s,"0.05,0.08,40,80",0.1,15.0,47.7645,8.49236,106.81744475128585,106.82710378355264,0.00010345165137142131,0.00021746616412796483,0.0002564843720402811,0.00030923093978293964,0.0003099496612656793,5.958553268290959e-06,2.9008614686733965e-08,6.390961790976212e-09,0.0028178639454520733,0.004859736928730469,band_limited_pgv_m_s,band_limited_pga_m_s2,ok,3566.2389427624466,205.40633644997484,8785.155849775518,6795.29999946281,103.49495830283871,trigger_onset_first,trigger_onset_first,-77.658892,-69.163892,15.000250000000001,2020-10-25T19:35:45.050000Z,1.666108,2.5157622666934443,False,True,True,28,8,expected_event_window,-74.383892,-67.938891,True,-5.0,90.0
2020wcoepg,smi:ch.ethz.sed/sc3a/2020wcoepg,2020-11-08T23:56:43.135987,3.471656863,MLhc,Arolla VS,45.97894745,7.509125434,1.335449219,CH,DIX,--,data/raw/switzerland/2020wcoepg/CH.DIX.--.HH.20201108T235643.mseed,data/metadata/switzerland/2020wcoepg/CH.DIX.--.HH.xml,OK,,0,HHE;HHN;HHZ,True,200.0,2020-11-08T23:55:13.135000Z,2020-11-09T00:00:13.135000Z,True,True,True,applied,,counts,m/s,"0.05,0.08,40,80",0.1,15.0,46.081053,7.408391,13.76163362592823,13.826278771629273,0.00015646116016094366,0.00023651827781031277,0.00017961874915493976,0.0002674424677422838,0.0002675148722474604,1.113745715354637e-05,1.8079270687560397e-07,2.232835154723386e-08,0.004247745829150854,0.00725798879269361,band_limited_pgv_m_s,band_limited_pga_m_s2,ok,865.4174322894461,61.60346479689359,1696.0141810647538,1115.1122990621698,799.3505196585575,trigger_onset_first,trigger_onset_first,-80.005987,-73.720987,15.000250000000001,2020-11-08T23:56:38.760000Z,-4.375987,2.5082317186964396,False,False,True,29,8,search_window_pre_origin,-73.130987,-73.435987,True,-5.0,90.0
2020wcoepg,smi:ch.ethz.sed/sc3a/2020wcoepg,2020-11-08T23:56:43.135987,3.471656863,MLhc,Arolla VS,45.97894745,7.509125434,1.335449219,CH,VANNI,--,data/raw/switzerland/2020wcoepg/CH.VANNI.--.HH.20201108T235643.mseed,data/metadata/switzerland/2020wcoepg/CH.VANNI.--.HH.xml,OK,,0,HHE;HHN;HHZ,True,120.0,2020-11-08T23:55:13.133334Z,2020-11-09T00:00:13.133333Z,True,True,True,applied,,counts,m/s,"0.05,0.08,24,48",0.1,15.0,46.21006,7.59678,26.572543197503748,26.606079692426135,5.1491414213229e-05,4.888050010865746e-05,8.30583743291907e-05,8.393038712979838e-05,8.398584785512567e-05,2.7601973707072795e-06,1.1132203064241765e-07,1.3714276036260653e-09,0.0011171645330668094,0.0017945230278208222,band_limited_pgv_m_s,band_limited_pga_m_s2,ok,462.54469053503726,24.794709140488372,555.5553207316196,447.5432401488884,66.32398156948572,trigger_onset_first,trigger_onset_first,-79.31932,-64.410986,15.000416666666666,2020-11-08T23:56:39.741667Z,-3.39432,2.5612411639658728,False,False,True,29,8,search_window_pre_origin,-68.602653,-52.635987,True,-5.0,90.0
2020wcoepg,smi:ch.ethz.sed/sc3a/2020wcoepg,2020-11-08T23:56:43.135987,3.471656863,MLhc,Arolla VS,45.97894745,7.509125434,1.335449219,CH,ILLEZ,--,data/raw/switzerland/2020wcoepg/CH.ILLEZ.--.HH.20201108T235643.mseed,data/metadata/switzerland/2020wcoepg/CH.ILLEZ.--.HH.xml,OK,,0,HHE;HHN;HHZ,True,200.0,2020-11-08T23:55:13.135000Z,2020-11-09T00:00:13.135000Z,True,True,True,applied,,counts,m/s,"0.05,0.08,40,80",0.1,15.0,46.21934,6.94038,51.35698533125707,51.37434541608761,2.47319553493043e-05,4.324941832827496e-05,6.973655709535094e-05,7.399219843883587e-05,7.437718246818501e-05,1.7053154370967663e-06,1.451017895708409e-07,5.234726737037963e-10,0.0008020011584640511,0.0032346704517137066,band_limited_pgv_m_s,band_limited_pga_m_s2,ok,170.44555702898333,11.752545865495376,385.2353001779669,308.97972589627136,19.734852943741682,trigger_onset_first,trigger_onset_first,-80.005987,-71.705987,15.000250000000001,2020-11-08T23:56:44.095000Z,0.959013,2.5382720417446594,False,True,True,27,7,expected_event_window,-65.455987,-70.675987,True,-5.0,90.0
2020wcoepg,smi:ch.ethz.sed/sc3a/2020wcoepg,2020-11-08T23:56:43.135987,3.471656863,MLhc,Arolla VS,45.97894745,7.509125434,1.335449219,CH,AIGLE,--,data/raw/switzerland/2020wcoepg/CH.AIGLE.--.HH.20201108T235643.mseed,data/metadata/switzerland/2020wcoepg/CH.AIGLE.--.HH.xml,OK,,0,HHE;HHN;HHZ,True,200.0,2020-11-08T23:55:13.135000Z,2020-11-09T00:00:13.135000Z,True,True,True,applied,,counts,m/s,"0.05,0.08,40,80",0.1,15.0,46.34176,6.95295,58.84228431864658,58.85743664527847,7.287339621576118e-06,7.893732441126586e-06,7.826418929067781e-06,9.09505801986427e-06,1.0161354553756424e-05,7.143797946122571e-07,1.4832249151248972e-07,9.186348006349989e-11,0.0001564143673590175,0.0002500919009739771,band_limited_pgv_m_s,band_limited_pga_m_s2,ok,49.13172336349593,4.8163955940026915,52.582479099692364,44.595961899238475,33.558508844674066,trigger_onset_first,trigger_onset_first,-80.005987,-70.680987,15.000250000000001,2020-11-08T23:56:42.580000Z,-0.555987,2.5102728074668903,False,False,True,30,9,search_window_pre_origin,-73.325987,-71.015987,True,-5.0,90.0
2020wcoepg,smi:ch.ethz.sed/sc3a/2020wcoepg,2020-11-08T23:56:43.135987,3.471656863,MLhc,Arolla VS,45.97894745,7.509125434,1.335449219,CH,FUSIO,--,data/raw/switzerland/2020wcoepg/CH.FUSIO.--.HH.20201108T235643.mseed,data/metadata/switzerland/2020wcoepg/CH.FUSIO.--.HH.xml,OK,,0,HHE;HHN;HHZ,True,200.0,2020-11-08T23:55:13.135000Z,2020-11-09T00:00:13.135000Z,True,True,True,applied,,counts,m/s,"0.05,0.08,40,80",0.1,15.0,46.45481,8.6629,103.34263096790636,103.3512593052712,3.948658768937123e-06,5.478529074911081e-06,6.619991399290547e-06,6.695325346404687e-06,7.295118086617858e-06,4.912458255988642e-07,9.887413889514749e-08,4.3439249622601586e-11,0.00013192277837135053,0.0001681131264293515,band_limited_pgv_m_s,band_limited_pga_m_s2,ok,39.93621398942888,4.968395488326962,49.13982600132547,43.33413897831052,4.673031850199638,trigger_onset_first,trigger_onset_first,-80.005987,-67.560987,15.000250000000001,2020-11-08T23:56:51.605000Z,8.469013,2.505938322963922,False,True,True,28,5,expected_event_window,-69.985987,-71.610987,True,-5.0,90.0
2020wcoepg,smi:ch.ethz.sed/sc3a/2020wcoepg,2020-11-08T23:56:43.135987,3.471656863,MLhc,Arolla VS,45.97894745,7.509125434,1.335449219,CH,GIMEL,--,data/raw/switzerland/2020wcoepg/CH.GIMEL.--.HH.20201108T235643.mseed,data/metadata/switzerland/2020wcoepg/CH.GIMEL.--.HH.xml,OK,,0,HHE;HHN;HHZ,True,200.0,2020-11-08T23:55:13.135000Z,2020-11-09T00:00:13.135000Z,True,True,True,applied,,counts,m/s,"0.05,0.08,40,80",0.1,15.0,46.53364,6.26545,113.78370200601944,113.7915386433067,9.160224701680906e-06,1.3547690843965338e-05,1.1653047394368275e-05,1.406876861487613e-05,1.4422496365705452e-05,6.603005239043939e-07,2.3138426306769943e-07,7.848160072022439e-11,0.00017637227711023151,0.0003317539238373316,band_limited_pgv_m_s,band_limited_pga_m_s2,ok,39.58879735481737,2.853696768959608,46.23179791312432,37.72694472640602,5.358492512590373,trigger_onset_first,trigger_onset_first,-76.355987,-74.565987,15.000250000000001,2020-11-08T23:56:43.900000Z,0.764013,2.5279608005230196,False,True,True,36,6,expected_event_window,-62.540987,-72.670987,True,-5.0,90.0
2020wfjqus,smi:ch.ethz.sed/sc3a/2020wfjqus,2020-11-10T12:53:23.115762,3.937206497,MLhc,Elm GL,46.90311152,9.115465173,1.690429688,CH,PANIX,--,data/raw/switzerland/2020wfjqus/CH.PANIX.--.HH.20201110T125323.mseed,data/metadata/switzerland/2020wfjqus/CH.PANIX.--.HH.xml,OK,,0,HHE;HHN;HHZ,True,200.0,2020-11-10T12:51:53.115000Z,2020-11-10T12:56:53.115000Z,True,True,True,applied,,counts,m/s,"0.05,0.08,40,80",0.1,15.0,46.825743,9.111708,8.60772778158631,8.77214512488049,0.0008073364971695977,0.0006772597944451687,0.0015869099274965317,0.001595576762618043,0.001668989604934938,2.678160813106893e-05,8.02908126313969e-08,1.2910940240817517e-07,0.03414145990773969,0.06350985910730407,band_limited_pgv_m_s,band_limited_pga_m_s2,ok,10055.154141681922,333.5575672153087,16177.388201882259,13123.151905122779,1012.6278234060336,trigger_onset_first,trigger_onset_first,-78.720762,-73.795762,15.000250000000001,2020-11-10T12:53:23.600000Z,0.484238,2.513801392436691,False,True,True,33,9,expected_event_window,-75.000762,-73.465762,True,-5.0,90.0
2020wfjqus,smi:ch.ethz.sed/sc3a/2020wfjqus,2020-11-10T12:53:23.115762,3.937206497,MLhc,Elm GL,46.90311152,9.115465173,1.690429688,CH,PLONS,--,data/raw/switzerland/2020wfjqus/CH.PLONS.--.HH.20201110T125323.mseed,data/metadata/switzerland/2020wfjqus/CH.PLONS.--.HH.xml,OK,,0,HHE;HHN;HHZ,True,200.0,2020-11-10T12:51:53.115000Z,2020-11-10T12:56:53.115000Z,True,True,True,applied,,counts,m/s,"0.05,0.08,40,80",0.1,15.0,47.04921,9.38076,25.86561410930998,25.92079369505894,0.00011625176665678363,0.0001604167153942582,0.00011707844687775726,0.00019470245173903934,0.0002106673793932083,8.279751021257983e-06,1.0563350180187951e-07,1.2340112626708939e-08,0.004970869334878946,0.0061502452439696495,band_limited_pgv_m_s,band_limited_pga_m_s2,ok,1100.5198604020452,78.38186635890418,1583.4053889633772,1299.5577104502552,164.4908852306227,trigger_onset_first,trigger_onset_first,-80.005762,-69.870762,15.000250000000001,2020-11-10T12:53:19.505000Z,-3.610762,2.512825065855143,False,False,True,25,6,search_window_pre_origin,-70.535762,-68.755762,True,-5.0,90.0
2020wfjqus,smi:ch.ethz.sed/sc3a/2020wfjqus,2020-11-10T12:53:23.115762,3.937206497,MLhc,Elm GL,46.90311152,9.115465173,1.690429688,CH,LIENZ,--,data/raw/switzerland/2020wfjqus/CH.LIENZ.--.HH.20201110T125323.mseed,data/metadata/switzerland/2020wfjqus/CH.LIENZ.--.HH.xml,OK,,0,HHE;HHN;HHZ,True,200.0,2020-11-10T12:51:53.115001Z,2020-11-10T12:56:53.115000Z,True,True,True,applied,,counts,m/s,"0.05,0.08,40,80",0.1,15.0,47.294437,9.491773,52.00733445471368,52.03479979412355,3.4028370564401836e-05,3.9496387003935445e-05,4.1479644026189156e-05,5.6128988270900264e-05,6.028048198326684e-05,3.1385637953869797e-06,1.5267373420594777e-07,1.7731541385019946e-09,0.0003349422769864109,0.0006099538121234122,band_limited_pgv_m_s,band_limited_pga_m_s2,ok,222.88293884591565,20.557326456384725,243.71833020766357,218.1605279590889,57.083204379444275,trigger_onset_first,trigger_onset_first,-80.005762,-74.145762,15.000250000000001,2020-11-10T12:53:24.195000Z,1.079238,2.5053641266254667,False,True,True,31,8,expected_event_window,-71.610762,-68.270761,True,-5.0,90.0
2020wfjqus,smi:ch.ethz.sed/sc3a/2020wfjqus,2020-11-10T12:53:23.115762,3.937206497,MLhc,Elm GL,46.90311152,9.115465173,1.690429688,CH,BNALP,--,data/raw/switzerland/2020wfjqus/CH.BNALP.--.HH.20201110T125323.mseed,data/metadata/switzerland/2020wfjqus/CH.BNALP.--.HH.xml,OK,,0,HHE;HHN;HHZ,True,200.0,2020-11-10T12:51:53.115001Z,2020-11-10T12:56:53.115000Z,True,True,True,applied,,counts,m/s,"0.05,0.08,40,80",0.1,15.0,46.87034,8.4249,52.60595695133219,52.633109914724656,6.706014587453661e-05,6.184939837866358e-05,3.643708190629885e-05,6.61483989211425e-05,7.388500275230568e-05,3.668703432549199e-06,1.3197197923373076e-07,2.4227565746040698e-09,0.0016509013860795006,0.0016292940097644587,band_limited_pgv_m_s,band_limited_pga_m_s2,ok,508.139275199994,27.79910897639636,526.8966496458909,405.6325815142573,29.215534863590936,trigger_onset_first,trigger_onset_first,-79.890762,-69.825762,15.000250000000001,2020-11-10T12:53:30.750000Z,7.634238,2.5120648330126656,False,True,True,29,8,expected_event_window,-74.920761,-68.375762,True,-5.0,90.0
2020wfjqus,smi:ch.ethz.sed/sc3a/2020wfjqus,2020-11-10T12:53:23.115762,3.937206497,MLhc,Elm GL,46.90311152,9.115465173,1.690429688,CH,SULZ,--,data/raw/switzerland/2020wfjqus/CH.SULZ.--.HH.20201110T125323.mseed,data/metadata/switzerland/2020wfjqus/CH.SULZ.--.HH.xml,OK,,0,HHE;HHN;HHZ,True,200.0,2020-11-10T12:51:53.115001Z,2020-11-10T12:56:53.115000Z,True,True,True,applied,,counts,m/s,"0.05,0.08,40,80",0.1,15.0,47.52753,8.11187,102.79179306079837,102.80569183262213,3.90277873034488e-05,4.936620233999266e-05,6.503644193925749e-05,6.953857381651809e-05,7.329914491722383e-05,3.7231541100204753e-06,1.1307198547572226e-07,2.4952070842358595e-09,0.0010514723640412753,0.0017208205230208927,band_limited_pgv_m_s,band_limited_pga_m_s2,ok,345.15876889619557,32.927290472138,360.5256506867517,327.84183347359476,17.542265037572225,trigger_onset_first,trigger_onset_first,-79.800761,-73.295761,15.000250000000001,2020-11-10T12:53:20.145001Z,-2.970761,2.5070207900213664,False,False,True,26,9,search_window_pre_origin,-73.360762,-74.170762,True,-5.0,90.0
2020wfjqus,smi:ch.ethz.sed/sc3a/2020wfjqus,2020-11-10T12:53:23.115762,3.937206497,MLhc,Elm GL,46.90311152,9.115465173,1.690429688,CH,SLE,--,data/raw/switzerland/2020wfjqus/CH.SLE.--.HH.20201110T125323.mseed,data/metadata/switzerland/2020wfjqus/CH.SLE.--.HH.xml,OK,,0,HHE;HHN;HHZ,True,200.0,2020-11-10T12:51:53.115000Z,2020-11-10T12:56:53.115000Z,True,True,True,applied,,counts,m/s,"0.05,0.08,40,80",0.1,15.0,47.7645,8.49236,106.67219830172876,106.68559154381352,5.486202522130079e-05,7.876956559795697e-05,0.00010095845650017716,0.00011209341555744563,0.00011376814958148614,2.312602594302286e-06,1.8386490903682435e-08,9.626902773050554e-10,0.002182668186431602,0.00330005952235575,band_limited_pgv_m_s,band_limited_pga_m_s2,ok,2983.8224981969265,125.777268017962,3421.0805753388913,3028.0187277552204,56.924706307541655,trigger_onset_first,trigger_onset_first,-80.005762,-60.935762,15.000250000000001,2020-11-10T12:53:19.705000Z,-3.410762,2.5182262556030928,False,False,True,16,3,search_window_pre_origin,-46.010762,-61.805762,True,-5.0,90.0
2021mvcsag,smi:ch.ethz.sed/sc20a/Event/2021mvcsag,2021-07-01T11:11:50.282499,4.020872296,MLhc,Oberwald VS,46.61232363,8.373586727,8.266601562,CH,HASLI,--,data/raw/switzerland/2021mvcsag/CH.HASLI.--.HH.20210701T111150.mseed,data/metadata/switzerland/2021mvcsag/CH.HASLI.--.HH.xml,OK,,0,HHE;HHN;HHZ,True,120.0,2021-07-01T11:10:20.280000Z,2021-07-01T11:15:20.280000Z,True,True,True,applied,,counts,m/s,"0.05,0.08,24,48",0.1,15.0,46.75673,8.15108,23.364960064133506,24.78423007041805,0.000855844883891408,0.0011912489231498498,0.0008713893702594308,0.0012060881444985812,0.0013588840585373413,2.3491045101041333e-05,5.0252686723141414e-08,9.933385456571459e-08,0.031377872194195,0.04959045846579418,band_limited_pgv_m_s,band_limited_pga_m_s2,ok,17030.82839344569,467.4584909352455,16384.54532637867,15246.279417345722,7.283457451022346,trigger_onset_first,trigger_onset_first,-79.877499,-74.469166,15.000416666666666,2021-07-01T11:11:46.405000Z,-3.877499,2.517345072857176,False,False,True,26,5,search_window_pre_origin,-73.227499,-70.127499,True,-5.0,90.0
2021mvcsag,smi:ch.ethz.sed/sc20a/Event/2021mvcsag,2021-07-01T11:11:50.282499,4.020872296,MLhc,Oberwald VS,46.61232363,8.373586727,8.266601562,CH,FIESA,--,data/raw/switzerland/2021mvcsag/CH.FIESA.--.HH.20210701T111150.mseed,data/metadata/switzerland/2021mvcsag/CH.FIESA.--.HH.xml,OK,,0,HHE;HHN;HHZ,True,200.0,2021-07-01T11:10:20.280001Z,2021-07-01T11:15:20.280000Z,True,True,True,applied,,counts,m/s,"0.05,0.08,40,80",0.1,15.0,46.43521,8.11051,28.159780657831902,29.34808252820045,0.00014465416708050847,0.00011511455572704104,0.00013463306928479372,0.00014269293374866152,0.00018054858370701365,6.7889783533156835e-06,5.2912172815668687e-08,8.296471325857416e-09,0.005353018812041186,0.005477456727021876,band_limited_pgv_m_s,band_limited_pga_m_s2,ok,2733.8542226274362,128.3065501196974,1233.1437956080504,1418.979066078894,13.23710238076751,trigger_onset_first,trigger_onset_first,-79.542498,-73.522498,15.000250000000001,2021-07-01T11:11:46.205001Z,-4.077498,2.5260649584747537,False,False,True,24,6,search_window_pre_origin,-73.897499,-72.947499,True,-5.0,90.0
2021mvcsag,smi:ch.ethz.sed/sc20a/Event/2021mvcsag,2021-07-01T11:11:50.282499,4.020872296,MLhc,Oberwald VS,46.61232363,8.373586727,8.266601562,CH,LAUCH,--,data/raw/switzerland/2021mvcsag/CH.LAUCH.--.HH.20210701T111150.mseed,data/metadata/switzerland/2021mvcsag/CH.LAUCH.--.HH.xml,OK,,0,HHE;HHN;HHZ,True,120.0,2021-07-01T11:10:20.283333Z,2021-07-01T11:15:20.283333Z,True,True,True,applied,,counts,m/s,"0.05,0.08,24,48",0.1,15.0,46.41554,7.77166,50.99364403167673,51.65934990893924,6.038384515816992e-05,0.00011302763935173224,0.00017615434803805813,0.00018069861500834454,0.00018435254874616392,4.660839629811567e-06,5.011248598686045e-08,3.9103977184184206e-09,0.0025438647496651215,0.007165846809062651,band_limited_pgv_m_s,band_limited_pga_m_s2,ok,1204.966067219308,93.00755167152641,2682.8302570336564,2195.9517881522834,265.03292272996435,trigger_onset_first,trigger_onset_first,-80.007499,-72.324166,15.000416666666666,2021-07-01T11:11:46.391666Z,-3.890833,2.5009708200576664,False,False,True,24,4,search_window_pre_origin,-73.982499,-63.532499,True,-5.0,90.0
2021mvcsag,smi:ch.ethz.sed/sc20a/Event/2021mvcsag,2021-07-01T11:11:50.282499,4.020872296,MLhc,Oberwald VS,46.61232363,8.373586727,8.266601562,CH,LLS,--,data/raw/switzerland/2021mvcsag/CH.LLS.--.HH.20210701T111150.mseed,data/metadata/switzerland/2021mvcsag/CH.LLS.--.HH.xml,OK,,0,HHE;HHN;HHZ,True,200.0,2021-07-01T11:10:20.280000Z,2021-07-01T11:15:20.280000Z,True,True,True,applied,,counts,m/s,"0.05,0.08,40,80",0.1,15.0,46.84676,9.00825,54.94935825229211,55.56769451510116,3.539113003567666e-05,2.9224222089242406e-05,2.788122031744503e-05,3.943757360261654e-05,4.402655227263009e-05,2.3352373326450164e-06,5.189469048012878e-08,9.81627278627221e-10,0.0016032741936201059,0.0016009016656614904,band_limited_pgv_m_s,band_limited_pga_m_s2,ok,681.979788456941,44.99954255511385,684.1042773984352,567.6048434982374,116.20382132330624,trigger_onset_first,trigger_onset_first,-80.007499,-73.897499,15.000250000000001,2021-07-01T11:11:46.070000Z,-4.212499,2.530794741484219,False,False,True,25,8,search_window_pre_origin,-73.537499,-74.207499,True,-5.0,90.0
2021mvcsag,smi:ch.ethz.sed/sc20a/Event/2021mvcsag,2021-07-01T11:11:50.282499,4.020872296,MLhc,Oberwald VS,46.61232363,8.373586727,8.266601562,CH,SULZ,--,data/raw/switzerland/2021mvcsag/CH.SULZ.--.HH.20210701T111150.mseed,data/metadata/switzerland/2021mvcsag/CH.SULZ.--.HH.xml,OK,,0,HHE;HHN;HHZ,True,200.0,2021-07-01T11:10:20.280000Z,2021-07-01T11:15:20.280000Z,True,True,True,applied,,counts,m/s,"0.05,0.08,40,80",0.1,15.0,47.52753,8.11187,103.67846697399067,104.0075055727313,0.00012207085035708396,0.00018538977117707543,0.00021873780396765467,0.00025879458091299535,0.00026192732860895305,6.12398351962486e-06,8.375994343496966e-08,6.750758862625383e-09,0.002529259897273062,0.006469897476221794,band_limited_pgv_m_s,band_limited_pga_m_s2,ok,1457.3893600090414,73.11351068878713,2498.7736851522172,1966.4241358967527,60.619653577122605,trigger_onset_first,trigger_onset_first,-79.912499,-70.287499,15.000250000000001,2021-07-01T11:11:55.800000Z,5.517501,2.5098641455280655,False,True,True,25,5,expected_event_window,-68.027499,-73.677499,True,-5.0,90.0
2021mvcsag,smi:ch.ethz.sed/sc20a/Event/2021mvcsag,2021-07-01T11:11:50.282499,4.020872296,MLhc,Oberwald VS,46.61232363,8.373586727,8.266601562,CH,GRYON,--,data/raw/switzerland/2021mvcsag/CH.GRYON.--.HH.20210701T111150.mseed,data/metadata/switzerland/2021mvcsag/CH.GRYON.--.HH.xml,OK,,0,HHE;HHN;HHZ,True,200.0,2021-07-01T11:10:20.280000Z,2021-07-01T11:15:20.280000Z,True,True,True,applied,,counts,m/s,"0.05,0.08,40,80",0.1,15.0,46.25053,7.11106,104.78602473773158,105.11159632372328,3.017972223113025e-05,2.3356445585337123e-05,2.5035635481059464e-05,2.829509810337571e-05,3.4894476629532976e-05,2.216125564496074e-06,4.4477348457872335e-08,8.840428092329358e-10,0.0007939475375051599,0.0008028323170243443,band_limited_pgv_m_s,band_limited_pga_m_s2,ok,678.5413986563434,49.825937051870895,568.7860322199036,522.9172604229793,14.749838997673336,trigger_onset_first,trigger_onset_first,-80.007499,-72.487499,15.000250000000001,2021-07-01T11:11:47.480000Z,-2.802499,2.5049483860875332,False,False,True,22,7,search_window_pre_origin,-70.967499,-73.652499,True,-5.0,90.0
2021yhkcdx,smi:ch.ethz.sed/sc20a/Event/2021yhkcdx,2021-12-10T23:08:13.459475,3.215335967,MLhc,Liestal BL,47.42569131,7.74169873,25.17041016,CH,BALST,--,data/raw/switzerland/2021yhkcdx/CH.BALST.--.HH.20211210T230813.mseed,data/metadata/switzerland/2021yhkcdx/CH.BALST.--.HH.xml,OK,,0,HHE;HHN;HHZ,True,200.0,2021-12-10T23:06:43.460000Z,2021-12-10T23:11:43.460000Z,True,True,True,applied,,counts,m/s,"0.05,0.08,40,80",0.1,15.0,47.33599,7.69485,10.579675152983766,27.303462673538192,0.00010484113147558924,0.0001681788618944888,0.0002242912858665387,0.0002766852048376861,0.00027679928347205674,3.042481729121251e-06,4.674747488767232e-07,1.6662513964419547e-09,0.005829173432585941,0.015701469163152973,band_limited_pgv_m_s,band_limited_pga_m_s2,ok,224.27121834389536,6.5083338435539275,341.835021375972,296.13439416393277,204.49759500740285,trigger_onset_first,trigger_onset_first,-80.004475,-74.199475,15.000250000000001,2021-12-10T23:08:11.365000Z,-2.094475,2.5093164566123214,False,False,True,32,9,search_window_pre_origin,-63.779475,-73.059475,True,-5.0,90.0
2021yhkcdx,smi:ch.ethz.sed/sc20a/Event/2021yhkcdx,2021-12-10T23:08:13.459475,3.215335967,MLhc,Liestal BL,47.42569131,7.74169873,25.17041016,CH,MUTEZ,--,data/raw/switzerland/2021yhkcdx/CH.MUTEZ.--.HH.20211210T230813.mseed,data/metadata/switzerland/2021yhkcdx/CH.MUTEZ.--.HH.xml,OK,,0,HHE;HHN;HHZ,True,200.0,2021-12-10T23:06:43.460000Z,2021-12-10T23:11:43.460000Z,True,True,True,applied,,counts,m/s,"0.05,0.08,40,80",0.1,15.0,47.50647,7.64884,11.37556702141092,27.621605179301998,0.00011983290112930949,0.00015109458990971187,0.0002799969840170651,0.00028394246735522616,0.0003005897217720818,4.5777782701781604e-06,5.237803575826928e-07,3.772194480634218e-09,0.0069797602255970495,0.014232017290939168,band_limited_pgv_m_s,band_limited_pga_m_s2,ok,228.78464110863618,8.739881524586258,369.82206891908453,323.4141254802155,28.487480377407994,trigger_onset_first,trigger_onset_first,-79.544475,-73.919475,15.000250000000001,2021-12-10T23:08:10.700000Z,-2.759475,2.5035201669923173,False,False,True,33,10,search_window_pre_origin,-74.639475,-68.974475,True,-5.0,90.0
2021yhkcdx,smi:ch.ethz.sed/sc20a/Event/2021yhkcdx,2021-12-10T23:08:13.459475,3.215335967,MLhc,Liestal BL,47.42569131,7.74169873,25.17041016,CH,BERGE,--,data/raw/switzerland/2021yhkcdx/CH.BERGE.--.HH.20211210T230813.mseed,data/metadata/switzerland/2021yhkcdx/CH.BERGE.--.HH.xml,OK,,0,HHE;HHN;HHZ,True,200.0,2021-12-10T23:06:43.460000Z,2021-12-10T23:11:43.460000Z,True,True,True,applied,,counts,m/s,"0.05,0.08,40,80",0.1,15.0,47.87161,8.17798,59.385316564409145,64.49934395850642,2.8997535175203412e-05,7.174819378437844e-05,6.335487052164411e-05,7.211420081108954e-05,7.573689588978923e-05,1.3857088863945636e-06,3.589714789715539e-07,3.456436421555042e-10,0.002134190041149349,0.004306293755562275,band_limited_pgv_m_s,band_limited_pga_m_s2,ok,80.77949607105492,3.86022001069442,122.51333981467273,109.85157771645403,11.754541630327289,trigger_onset_first,trigger_onset_first,-80.004475,-74.274475,15.000250000000001,2021-12-10T23:08:08.970000Z,-4.489475,2.522113574128029,False,False,True,29,5,search_window_pre_origin,-73.949475,-68.054475,True,-5.0,90.0
2021yhkcdx,smi:ch.ethz.sed/sc20a/Event/2021yhkcdx,2021-12-10T23:08:13.459475,3.215335967,MLhc,Liestal BL,47.42569131,7.74169873,25.17041016,CH,ZUR,--,data/raw/switzerland/2021yhkcdx/CH.ZUR.--.HH.20211210T230813.mseed,data/metadata/switzerland/2021yhkcdx/CH.ZUR.--.HH.xml,OK,,0,HHE;HHN;HHZ,True,200.0,2021-12-10T23:06:43.460000Z,2021-12-10T23:11:43.460000Z,True,True,True,applied,,counts,m/s,"0.05,0.08,40,80",0.1,15.0,47.36921,8.58088,63.475329247414564,68.28372405405489,0.00010316381758701529,5.713310151414596e-05,6.677614101841301e-05,7.630074447533301e-05,0.00010388315731809958,1.975022579913469e-06,4.786364029861559e-07,7.021480579812059e-10,0.005979668823538566,0.00350142569112604,band_limited_pgv_m_s,band_limited_pga_m_s2,ok,215.53692310778797,4.126352629243278,92.8782487274994,109.26129758042264,40.62041178385107,trigger_onset_first,trigger_onset_first,-77.729475,-74.644475,15.000250000000001,2021-12-10T23:08:10.965000Z,-2.494475,2.521753578755919,False,False,True,36,6,search_window_pre_origin,-73.199475,-67.809475,True,-5.0,90.0
2021yhkcdx,smi:ch.ethz.sed/sc20a/Event/2021yhkcdx,2021-12-10T23:08:13.459475,3.215335967,MLhc,Liestal BL,47.42569131,7.74169873,25.17041016,CH,BRANT,--,data/raw/switzerland/2021yhkcdx/CH.BRANT.--.HH.20211210T230813.mseed,data/metadata/switzerland/2021yhkcdx/CH.BRANT.--.HH.xml,OK,,0,HHE;HHN;HHZ,True,200.0,2021-12-10T23:06:43.460000Z,2021-12-10T23:11:43.460000Z,True,True,True,applied,,counts,m/s,"0.05,0.08,40,80",0.1,15.0,46.93801,6.47298,110.15501995029605,112.99415014890263,1.0601064478612935e-05,8.063074529709448e-06,1.3787300001057439e-05,1.5075993465865995e-05,1.5282806314048506e-05,9.460441524032442e-07,7.612068655349991e-07,1.611043918910386e-10,0.00042443635895541,0.0007415304594241989,band_limited_pgv_m_s,band_limited_pga_m_s2,ok,13.926653789653077,1.2428213607063776,11.560618915313023,10.121140576202324,9.239916907307668,trigger_onset_first,trigger_onset_first,-79.229475,-73.169475,15.000250000000001,2021-12-10T23:08:17.575000Z,4.115525,2.5020353285614263,False,True,True,34,6,expected_event_window,-64.189475,-69.059475,True,-5.0,90.0
2021yhkcdx,smi:ch.ethz.sed/sc20a/Event/2021yhkcdx,2021-12-10T23:08:13.459475,3.215335967,MLhc,Liestal BL,47.42569131,7.74169873,25.17041016,CH,LAUCH,--,data/raw/switzerland/2021yhkcdx/CH.LAUCH.--.HH.20211210T230813.mseed,data/metadata/switzerland/2021yhkcdx/CH.LAUCH.--.HH.xml,OK,,0,HHE;HHN;HHZ,True,120.0,2021-12-10T23:06:43.458334Z,2021-12-10T23:11:43.458333Z,True,True,True,applied,,counts,m/s,"0.05,0.08,24,48",0.1,15.0,46.41554,7.77166,112.34674439744416,115.1318397504673,7.665475562984734e-06,6.1029435722433785e-06,7.759761986759556e-06,7.786638790614353e-06,1.0405389976622422e-05,6.508895633024737e-07,5.071356791587777e-07,7.626183072775875e-11,0.0003463183956376899,0.0004187974212887727,band_limited_pgv_m_s,band_limited_pga_m_s2,ok,15.115236174469143,1.283462375161911,12.210450002472022,12.770940544131266,13.901548689071296,trigger_onset_first,trigger_onset_first,-80.009475,-69.534475,15.000416666666666,2021-12-10T23:08:18.391666Z,4.932191,2.5323476975058763,False,True,True,28,7,expected_event_window,-63.126142,-74.892808,True,-5.0,90.0
2021zhdzar,smi:ch.ethz.sed/sc20a/Event/2021zhdzar,2021-12-24T23:59:56.706839,4.102738426,MLhc,Porrentruy JU,47.37349438,6.918607095,4.423828125,CH,MTI02,--,data/raw/switzerland/2021zhdzar/CH.MTI02.--.HH.20211224T235956.mseed,data/metadata/switzerland/2021zhdzar/CH.MTI02.--.HH.xml,OK,,0,HHE;HHN;HHZ,True,120.0,2021-12-24T23:58:26.708333Z,2021-12-25T00:03:26.708332Z,True,True,True,applied,,counts,m/s,"0.05,0.08,24,48",0.1,15.0,47.37927,7.16525,18.58303400947177,19.10234038741655,0.00017779550455132478,0.00018186740255070775,0.00027693378184887876,0.00028347895840727063,0.0003093571772185699,1.1393582459389364e-05,3.877790542326333e-07,2.3367551607613387e-08,0.0075480170434156614,0.012710435539150763,band_limited_pgv_m_s,band_limited_pga_m_s2,ok,458.496926563401,29.381634554594115,437.8041169393744,409.8862180873328,118.4610742537046,trigger_onset_first,trigger_onset_first,-79.123506,-73.148506,15.000416666666666,2021-12-25T00:00:00.283333Z,3.576494,2.5010857702904636,False,True,True,25,7,expected_event_window,-74.88184,-57.023507,True,-5.0,90.0
2021zhdzar,smi:ch.ethz.sed/sc20a/Event/2021zhdzar,2021-12-24T23:59:56.706839,4.102738426,MLhc,Porrentruy JU,47.37349438,6.918607095,4.423828125,CH,CHASS,--,data/raw/switzerland/2021zhdzar/CH.CHASS.--.HH.20211224T235956.mseed,data/metadata/switzerland/2021zhdzar/CH.CHASS.--.HH.xml,OK,,0,HHE;HHN;HHZ,True,200.0,2021-12-24T23:58:26.705000Z,2021-12-25T00:03:26.705000Z,True,True,True,applied,,counts,m/s,"0.05,0.08,40,80",0.1,15.0,47.1609,7.12129,28.155070542953457,28.500495654606194,0.00018183048184874324,0.0006846055083198501,0.00023325254694679608,0.0007019282560098617,0.0007099635408507513,7.535164509825708e-06,6.151884315881064e-07,1.0220450647745594e-08,0.009918728891553694,0.03757642505986509,band_limited_pgv_m_s,band_limited_pga_m_s2,ok,295.5687599315686,12.248547148999066,1099.010660864623,800.6062504639781,29.00943427158522,trigger_onset_first,trigger_onset_first,-79.516839,-73.271839,15.000250000000001,2021-12-24T23:59:52.030000Z,-4.676839,2.5065547698471757,False,False,True,31,7,search_window_pre_origin,-73.586839,-72.081839,True,-5.0,90.0
2021zhdzar,smi:ch.ethz.sed/sc20a/Event/2021zhdzar,2021-12-24T23:59:56.706839,4.102738426,MLhc,Porrentruy JU,47.37349438,6.918607095,4.423828125,CH,MUTEZ,--,data/raw/switzerland/2021zhdzar/CH.MUTEZ.--.HH.20211224T235956.mseed,data/metadata/switzerland/2021zhdzar/CH.MUTEZ.--.HH.xml,OK,,0,HHE;HHN;HHZ,True,200.0,2021-12-24T23:58:26.705000Z,2021-12-25T00:03:26.705000Z,True,True,True,applied,,counts,m/s,"0.05,0.08,40,80",0.1,15.0,47.50647,7.64884,56.874797686681504,57.046585061513476,5.3975071598582177e-05,7.467540726077073e-05,9.614570527429698e-05,0.00010479712343223777,0.00011041427937348792,4.417317908828235e-06,3.3933679030123114e-07,3.5123831148653757e-09,0.0026730225678776565,0.0029512028494480297,band_limited_pgv_m_s,band_limited_pga_m_s2,ok,159.0604766157781,13.017503657375192,157.89359489076742,148.12056735766782,33.50622687238099,trigger_onset_first,trigger_onset_first,-79.436839,-73.421839,15.000250000000001,2021-12-24T23:59:53.705000Z,-3.001839,2.516320355654056,False,False,True,30,5,search_window_pre_origin,-73.816839,-68.786839,True,-5.0,90.0
2021zhdzar,smi:ch.ethz.sed/sc20a/Event/2021zhdzar,2021-12-24T23:59:56.706839,4.102738426,MLhc,Porrentruy JU,47.37349438,6.918607095,4.423828125,CH,BALST,--,data/raw/switzerland/2021zhdzar/CH.BALST.--.HH.20211224T235956.mseed,data/metadata/switzerland/2021zhdzar/CH.BALST.--.HH.xml,OK,,0,HHE;HHN;HHZ,True,200.0,2021-12-24T23:58:26.705000Z,2021-12-25T00:03:26.705000Z,True,True,True,applied,,counts,m/s,"0.05,0.08,40,80",0.1,15.0,47.33599,7.69485,58.62250068199504,58.78918133032684,3.5987587511004107e-05,5.732711732893918e-05,7.279761071855215e-05,7.730796456352853e-05,8.360510968663847e-05,3.239461785577818e-06,3.037083976756463e-07,1.8889927494027257e-09,0.001361370486560679,0.0036453148088967,band_limited_pgv_m_s,band_limited_pga_m_s2,ok,118.49388356208063,10.666355656841239,114.79237932305755,113.16748960041669,76.7938789553347,trigger_onset_first,trigger_onset_first,-80.006839,-73.316839,15.000250000000001,2021-12-24T23:59:54.085000Z,-2.621839,2.534288638220186,False,False,True,29,7,search_window_pre_origin,-73.886839,-57.716839,True,-5.0,90.0
2021zhdzar,smi:ch.ethz.sed/sc20a/Event/2021zhdzar,2021-12-24T23:59:56.706839,4.102738426,MLhc,Porrentruy JU,47.37349438,6.918607095,4.423828125,CH,ACB,--,data/raw/switzerland/2021zhdzar/CH.ACB.--.HH.20211224T235956.mseed,data/metadata/switzerland/2021zhdzar/CH.ACB.--.HH.xml,OK,,0,HHE;HHN;HHZ,True,200.0,2021-12-24T23:58:26.705000Z,2021-12-25T00:03:26.705000Z,True,True,True,applied,,counts,m/s,"0.05,0.08,40,80",0.1,15.0,47.58772,8.25474,103.19573933075968,103.29051685078181,7.029049268966327e-05,0.0001096604177642303,6.132047794994976e-05,0.00012429081206992966,0.00012435946078205427,3.919857359618307e-06,3.5707685629618227e-07,2.765827535964285e-09,0.002551531249993156,0.004658309484591874,band_limited_pgv_m_s,band_limited_pga_m_s2,ok,196.84975783297438,10.97762929885024,311.89620558050524,232.4144726590453,13.468132933240673,trigger_onset_first,trigger_onset_first,-80.006839,-72.441839,15.000250000000001,2021-12-24T23:59:54.840000Z,-1.866839,2.5259871994080334,False,False,True,25,5,search_window_pre_origin,-61.811839,-74.716839,True,-5.0,90.0
2021zhdzar,smi:ch.ethz.sed/sc20a/Event/2021zhdzar,2021-12-24T23:59:56.706839,4.102738426,MLhc,Porrentruy JU,47.37349438,6.918607095,4.423828125,CH,METMA,--,data/raw/switzerland/2021zhdzar/CH.METMA.--.HH.20211224T235956.mseed,data/metadata/switzerland/2021zhdzar/CH.METMA.--.HH.xml,OK,,0,HHE;HHN;HHZ,True,200.0,2021-12-24T23:58:26.705000Z,2021-12-25T00:03:26.705000Z,True,True,True,applied,,counts,m/s,"0.05,0.08,40,80",0.1,15.0,47.71217,8.25262,106.9779372800886,107.06936686084453,2.4354802149328945e-05,2.1245506151185645e-05,2.5269017830780033e-05,2.9835906500862162e-05,3.05957222863332e-05,1.9462525777413395e-06,4.724340752712251e-07,6.818407768411472e-10,0.0008823463221042493,0.0010968315711072532,band_limited_pgv_m_s,band_limited_pga_m_s2,ok,51.55174747999881,4.119627858392715,65.46006910461487,46.60731064810825,3.7623928988712607,trigger_onset_first,trigger_onset_first,-80.006839,-73.356839,15.000250000000001,2021-12-25T00:00:03.185000Z,6.478161,2.5097810007513415,False,True,True,28,7,expected_event_window,-59.841839,-74.806839,True,-5.0,90.0
2022qpgqyu,smi:ch.ethz.sed/sc20a/Event/2022qpgqyu,2022-08-23T22:29:40.539183,3.214044812,MLhc,Zinal VS,46.14689941,7.716827591,7.250976562,CH,VANNI,--,data/raw/switzerland/2022qpgqyu/CH.VANNI.--.HH.20220823T222940.mseed,data/metadata/switzerland/2022qpgqyu/CH.VANNI.--.HH.xml,OK,,0,HHE;HHN;HHZ,True,120.0,2022-08-23T22:28:10.541667Z,2022-08-23T22:33:10.541666Z,True,True,True,applied,,counts,m/s,"0.05,0.08,24,48",0.1,15.0,46.21006,7.59678,11.608362778150866,13.68688231453138,6.538712930880341e-05,0.0001168503607496246,0.00013306224052076995,0.00014713574099733907,0.00014991422227217984,3.6397151680347568e-06,5.958881419204563e-08,2.3846651668502133e-09,0.001944180449473759,0.0060033514548246325,band_limited_pgv_m_s,band_limited_pga_m_s2,ok,1097.3054288019678,61.08051011561518,1932.9557554282935,1550.789509641325,108.22010198861696,trigger_onset_first,trigger_onset_first,-80.00585,-68.597517,15.000416666666666,2022-08-23T22:29:35.891666Z,-4.647517,2.521905496853782,False,False,True,24,7,search_window_pre_origin,-61.097517,-68.489183,True,-5.0,90.0
2022qpgqyu,smi:ch.ethz.sed/sc20a/Event/2022qpgqyu,2022-08-23T22:29:40.539183,3.214044812,MLhc,Zinal VS,46.14689941,7.716827591,7.250976562,CH,EMBD,--,data/raw/switzerland/2022qpgqyu/CH.EMBD.--.HH.20220823T222940.mseed,data/metadata/switzerland/2022qpgqyu/CH.EMBD.--.HH.xml,OK,,0,HHE;HHN;HHZ,True,120.0,2022-08-23T22:28:10.541666Z,2022-08-23T22:33:10.541666Z,True,True,True,applied,,counts,m/s,"0.05,0.08,24,48",0.1,15.0,46.21652,7.83223,11.784188265658287,13.836320109882967,0.00020636059271415193,0.00016678199196015325,9.165311559725278e-05,0.00018105225161615718,0.00022351693134730304,6.330912657898802e-06,1.6873997130131714e-07,7.21481591854214e-09,0.005185153399594797,0.005035165482487376,band_limited_pgv_m_s,band_limited_pga_m_s2,ok,1222.9502655636704,37.518749168172846,768.3314700701296,771.2021043583597,980.6679982153184,trigger_onset_first,trigger_onset_first,-72.914184,-72.914184,15.000416666666666,2022-08-23T22:29:37.283333Z,-3.25585,2.5596629874621946,False,False,True,32,9,search_window_pre_origin,-74.03085,-74.597517,True,-5.0,90.0
2022qpgqyu,smi:ch.ethz.sed/sc20a/Event/2022qpgqyu,2022-08-23T22:29:40.539183,3.214044812,MLhc,Zinal VS,46.14689941,7.716827591,7.250976562,CH,MFERR,--,data/raw/switzerland/2022qpgqyu/CH.MFERR.--.HH.20220823T222940.mseed,data/metadata/switzerland/2022qpgqyu/CH.MFERR.--.HH.xml,OK,,0,HHE;HHN;HHZ,True,200.0,2022-08-23T22:28:10.540000Z,2022-08-23T22:33:10.540000Z,True,True,True,applied,,counts,m/s,"0.05,0.08,40,80",0.1,15.0,45.95101,7.11229,51.488725548480524,51.99678374389539,2.4470892706996132e-05,4.141466403519863e-05,4.96842517100257e-05,5.0149181480048244e-05,5.3698382753231636e-05,1.7913194504273977e-06,6.308381275733871e-08,5.7760461135318e-10,0.0010375136400770043,0.0019703352718244364,band_limited_pgv_m_s,band_limited_pga_m_s2,ok,387.9108068677946,28.395865312040904,890.3157138444504,634.9462753833792,24.987329724817684,trigger_onset_first,trigger_onset_first,-79.979183,-73.099183,15.000250000000001,2022-08-23T22:29:37.425000Z,-3.114183,2.520768984457278,False,False,True,34,9,search_window_pre_origin,-71.089183,-72.684183,True,-5.0,90.0
2022qpgqyu,smi:ch.ethz.sed/sc20a/Event/2022qpgqyu,2022-08-23T22:29:40.539183,3.214044812,MLhc,Zinal VS,46.14689941,7.716827591,7.250976562,CH,SALAN,--,data/raw/switzerland/2022qpgqyu/CH.SALAN.--.HH.20220823T222940.mseed,data/metadata/switzerland/2022qpgqyu/CH.SALAN.--.HH.xml,OK,,0,HHE;HHN;HHZ,True,200.0,2022-08-23T22:28:10.539998Z,2022-08-23T22:33:10.539998Z,True,True,True,applied,,counts,m/s,"0.05,0.08,40,80",0.1,15.0,46.14415,6.97302,57.30285877548931,57.75979817265938,4.07127168173534e-06,5.617701254707046e-06,5.076797221686333e-06,5.804039238158309e-06,6.735688581728702e-06,3.16047549177697e-07,6.825198621356399e-08,1.7979989031687892e-11,0.00020670405075018492,0.00028948602840038934,band_limited_pgv_m_s,band_limited_pga_m_s2,ok,59.650596379658765,4.630598561465566,80.76129450423277,67.96053809412705,3.3792651448170106,trigger_onset_first,trigger_onset_first,-79.729185,-73.939185,15.000250000000001,2022-08-23T22:29:36.539998Z,-3.999185,2.509238325429819,False,False,True,35,8,search_window_pre_origin,-68.624185,-64.774185,True,-5.0,90.0
2022qpgqyu,smi:ch.ethz.sed/sc20a/Event/2022qpgqyu,2022-08-23T22:29:40.539183,3.214044812,MLhc,Zinal VS,46.14689941,7.716827591,7.250976562,CH,VMV,--,data/raw/switzerland/2022qpgqyu/CH.VMV.--.HH.20220823T222940.mseed,data/metadata/switzerland/2022qpgqyu/CH.VMV.--.HH.xml,OK,,0,HHE;HHN;HHZ,True,200.0,2022-08-23T22:28:10.540000Z,2022-08-23T22:33:10.539998Z,True,True,True,applied,,counts,m/s,"0.05,0.08,40,80",0.1,15.0,46.42309,9.02207,104.8945542004429,105.1448722573399,8.039286360446124e-06,6.0701328802951965e-06,3.787532344474638e-06,6.1991154896654005e-06,9.307619037130273e-06,4.900313741182108e-07,7.39092666120107e-08,4.322473522537084e-11,0.00026206621513213344,0.0001673480229301076,band_limited_pgv_m_s,band_limited_pga_m_s2,ok,108.77237360030428,6.630175031916468,122.1174297892216,103.80626700800984,8.29409221855655,trigger_onset_first,trigger_onset_first,-79.974185,-72.389185,15.000250000000001,2022-08-23T22:29:49.834998Z,9.295815,2.5118984640612707,False,True,True,26,5,expected_event_window,-74.069185,-66.219183,True,-5.0,90.0
2022qpgqyu,smi:ch.ethz.sed/sc20a/Event/2022qpgqyu,2022-08-23T22:29:40.539183,3.214044812,MLhc,Zinal VS,46.14689941,7.716827591,7.250976562,CH,MUGIO,--,data/raw/switzerland/2022qpgqyu/CH.MUGIO.--.HH.20220823T222940.mseed,data/metadata/switzerland/2022qpgqyu/CH.MUGIO.--.HH.xml,OK,,0,HHE;HHN;HHZ,True,200.0,2022-08-23T22:28:10.540000Z,2022-08-23T22:33:10.540000Z,True,True,True,applied,,counts,m/s,"0.05,0.08,40,80",0.1,15.0,45.92184,9.04171,105.28945671945547,105.53883814682044,3.444065076039626e-06,3.718923934032215e-06,2.599969022696581e-06,3.850067900853954e-06,4.370697323851595e-06,2.3243623294831066e-07,4.690213801838928e-08,9.725058562708177e-12,0.00016517435073210823,0.00021635408063730918,band_limited_pgv_m_s,band_limited_pga_m_s2,ok,73.43087589502392,4.955770520678132,57.86425270319813,53.69035356865814,1.2670396686920158,trigger_onset_first,trigger_onset_first,-78.679183,-69.764183,15.000250000000001,2022-08-23T22:29:36.235000Z,-4.304183,2.505565000980234,False,False,True,27,8,search_window_pre_origin,-72.554183,-66.704183,True,-5.0,90.0
2022rvutkg,smi:ch.ethz.sed/sc20a/Event/2022rvutkg,2022-09-10T15:58:13.892089,4.741692096,MLhc,Mulhouse F,47.67765776,7.474201557,13.38623047,CH,HAUIG,--,data/raw/switzerland/2022rvutkg/CH.HAUIG.--.HH.20220910T155813.mseed,data/metadata/switzerland/2022rvutkg/CH.HAUIG.--.HH.xml,OK,,0,HHE;HHN;HHZ,True,200.0,2022-09-10T15:56:43.890000Z,2022-09-10T16:01:43.890000Z,True,True,True,applied,,counts,m/s,"0.05,0.08,40,80",0.1,15.0,47.66038,7.70018,17.029982752464395,21.661289867992423,0.00589504033283388,0.013654112340087567,0.008623330183280618,0.014991638422282355,0.015057158885300468,0.00018575250545658703,1.7322512653275945e-07,6.210891310978309e-06,0.18630392124613374,0.41219242661374844,band_limited_pgv_m_s,band_limited_pga_m_s2,ok,34031.09266437188,1072.3184862067828,25409.131551164937,24486.629895599854,14898.982296567348,trigger_onset_first,trigger_onset_first,-80.007089,-58.332089,15.000250000000001,2022-09-10T15:58:11.465000Z,-2.427089,2.508695763859671,False,False,True,8,3,search_window_pre_origin,-70.707089,-50.977089,True,-5.0,90.0
2022rvutkg,smi:ch.ethz.sed/sc20a/Event/2022rvutkg,2022-09-10T15:58:13.892089,4.741692096,MLhc,Mulhouse F,47.67765776,7.474201557,13.38623047,CH,MUTEZ,--,data/raw/switzerland/2022rvutkg/CH.MUTEZ.--.HH.20220910T155813.mseed,data/metadata/switzerland/2022rvutkg/CH.MUTEZ.--.HH.xml,OK,,0,HHE;HHN;HHZ,True,200.0,2022-09-10T15:56:43.890000Z,2022-09-10T16:01:43.890000Z,True,True,True,applied,,counts,m/s,"0.05,0.08,40,80",0.1,15.0,47.50647,7.64884,23.105174807225115,26.70281387922229,0.000713855068137997,0.0009992058361156598,0.001380998174169274,0.0013955086821071118,0.0013981971102534545,4.206781372316496e-05,1.0362131914411981e-07,3.1855501976520035e-07,0.028362860897495852,0.04906699529035205,band_limited_pgv_m_s,band_limited_pga_m_s2,ok,6889.075279433036,405.97643487490944,8778.901098561335,7368.512679031587,134.3960827064234,trigger_onset_first,trigger_onset_first,-80.007089,-66.602089,15.000250000000001,2022-09-10T15:58:10.110000Z,-3.782089,2.539914566102378,False,False,True,14,5,search_window_pre_origin,-71.317089,-74.297089,True,-5.0,90.0
2022rvutkg,smi:ch.ethz.sed/sc20a/Event/2022rvutkg,2022-09-10T15:58:13.892089,4.741692096,MLhc,Mulhouse F,47.67765776,7.474201557,13.38623047,CH,SULZ,--,data/raw/switzerland/2022rvutkg/CH.SULZ.--.HH.20220910T155813.mseed,data/metadata/switzerland/2022rvutkg/CH.SULZ.--.HH.xml,OK,,0,HHE;HHN;HHZ,True,200.0,2022-09-10T15:56:43.890001Z,2022-09-10T16:01:43.890000Z,True,True,True,applied,,counts,m/s,"0.05,0.08,40,80",0.1,15.0,47.52753,8.11187,50.63979196914057,52.3791914492176,0.0002473226900060045,0.00028182289815141147,0.000301179660124898,0.0003308449528661164,0.0003661731782290919,1.944736075128272e-05,7.657137830763281e-08,6.807786223349665e-08,0.005765964168094245,0.007999519446321974,band_limited_pgv_m_s,band_limited_pga_m_s2,ok,3229.96262405467,253.97689294753314,2429.9764040081873,2344.1639052719624,127.22623422407594,trigger_onset_first,trigger_onset_first,-79.957088,-69.022088,15.000250000000001,2022-09-10T15:58:15.865001Z,1.972912,2.5139434965635714,False,True,True,25,8,expected_event_window,-74.507089,-71.552089,True,-5.0,90.0
2022rvutkg,smi:ch.ethz.sed/sc20a/Event/2022rvutkg,2022-09-10T15:58:13.892089,4.741692096,MLhc,Mulhouse F,47.67765776,7.474201557,13.38623047,CH,BERGE,--,data/raw/switzerland/2022rvutkg/CH.BERGE.--.HH.20220910T155813.mseed,data/metadata/switzerland/2022rvutkg/CH.BERGE.--.HH.xml,OK,,0,HHE;HHN;HHZ,True,200.0,2022-09-10T15:56:43.890000Z,2022-09-10T16:01:43.890000Z,True,True,True,applied,,counts,m/s,"0.05,0.08,40,80",0.1,15.0,47.87161,8.17798,56.84210539873904,58.3970556822629,0.00031855049194392485,0.00035754956493780886,0.00034596770298225734,0.000489016473402864,0.0005421606425374897,2.0648713718219053e-05,1.208951553607556e-07,7.674861992594527e-08,0.010465526235399186,0.017756727657855124,band_limited_pgv_m_s,band_limited_pga_m_s2,ok,2634.931821654544,170.7985208886372,4441.718113965587,3315.683758227803,465.66678163322854,trigger_onset_first,trigger_onset_first,-78.237089,-74.242089,15.000250000000001,2022-09-10T15:58:11.815000Z,-2.077089,2.500913761204831,False,False,True,19,7,search_window_pre_origin,-66.792089,-72.752089,True,-5.0,90.0
2022rvutkg,smi:ch.ethz.sed/sc20a/Event/2022rvutkg,2022-09-10T15:58:13.892089,4.741692096,MLhc,Mulhouse F,47.67765776,7.474201557,13.38623047,CH,TORNY,--,data/raw/switzerland/2022rvutkg/CH.TORNY.--.HH.20220910T155813.mseed,data/metadata/switzerland/2022rvutkg/CH.TORNY.--.HH.xml,OK,,0,HHE;HHN;HHZ,True,200.0,2022-09-10T15:56:43.890000Z,2022-09-10T16:01:43.890000Z,True,True,True,applied,,counts,m/s,"0.05,0.08,40,80",0.1,15.0,46.77363,6.95874,107.79566131147982,108.6236427476782,0.0002929123390318025,0.0007141061183633912,0.0007158674988589204,0.000819521242785545,0.0008231951425520541,1.795181979741858e-05,1.500517705848395e-07,5.800982146618833e-08,0.013010501972136561,0.03376122225257077,band_limited_pgv_m_s,band_limited_pga_m_s2,ok,1952.0751930493846,119.6375072913158,4420.8942959453925,3451.6428723550766,32.27895855616932,trigger_onset_first,trigger_onset_first,-80.007089,-57.877089,15.000250000000001,2022-09-10T15:58:10.500000Z,-3.392089,2.5106022280625644,False,False,True,25,7,search_window_pre_origin,-67.437089,-74.132089,True,-5.0,90.0
2022rvutkg,smi:ch.ethz.sed/sc20a/Event/2022rvutkg,2022-09-10T15:58:13.892089,4.741692096,MLhc,Mulhouse F,47.67765776,7.474201557,13.38623047,CH,WILA,--,data/raw/switzerland/2022rvutkg/CH.WILA.--.HH.20220910T155813.mseed,data/metadata/switzerland/2022rvutkg/CH.WILA.--.HH.xml,OK,,0,HHE;HHN;HHZ,True,200.0,2022-09-10T15:56:43.890000Z,2022-09-10T16:01:43.890000Z,True,True,True,applied,,counts,m/s,"0.05,0.08,40,80",0.1,15.0,47.41483,8.9077,111.48932333588624,112.29007250905907,0.000233719460139786,0.0006445199035493325,0.0005235316248537949,0.0007580312000054095,0.0007608044230184564,1.241537652963709e-05,1.0660583089711098e-07,2.7746254094951296e-08,0.0073833692270766135,0.019704419656191678,band_limited_pgv_m_s,band_limited_pga_m_s2,ok,2192.370325084346,116.46057654782133,5398.279839960343,4315.317724789895,1367.4119846238661,trigger_onset_first,trigger_onset_first,-79.892089,-53.237089,15.000250000000001,2022-09-10T15:58:11.760000Z,-2.132089,2.5320531247389386,False,False,True,16,4,search_window_pre_origin,-69.222089,-68.877089,True,-5.0,90.0
2023frzpnq,smi:ch.ethz.sed/sc20a/Event/2023frzpnq,2023-03-22T14:50:34.196549,4.27811633,MLhc,Porrentruy JU,47.37298275,6.918389507,5.405273438,CH,MTI02,--,data/raw/switzerland/2023frzpnq/CH.MTI02.--.HH.20230322T145034.mseed,data/metadata/switzerland/2023frzpnq/CH.MTI02.--.HH.xml,OK,,0,HHE;HHN;HHZ,True,120.0,2023-03-22T14:49:04.200000Z,2023-03-22T14:54:04.199999Z,True,True,True,applied,,counts,m/s,"0.05,0.08,24,48",0.1,15.0,47.37927,7.16525,18.60154973167947,19.370973990992113,0.00017983404743394777,0.00015729814812815522,0.00019022135344334354,0.00019047509890238323,0.00022757244740501044,1.7019919558276666e-05,6.872261386877149e-07,5.21443930991523e-08,0.00626027167112314,0.007682281816020591,band_limited_pgv_m_s,band_limited_pga_m_s2,ok,261.68103526642324,24.766112055599148,233.27981575128032,213.23776625523354,99.90863174826062,trigger_onset_first,trigger_onset_first,-80.004883,-73.438217,15.000416666666666,2023-03-22T14:50:30.208332Z,-3.988217,2.5538612150978377,False,False,True,29,8,search_window_pre_origin,-71.488217,-74.746549,True,-5.0,90.0
2023frzpnq,smi:ch.ethz.sed/sc20a/Event/2023frzpnq,2023-03-22T14:50:34.196549,4.27811633,MLhc,Porrentruy JU,47.37298275,6.918389507,5.405273438,CH,CHASS,--,data/raw/switzerland/2023frzpnq/CH.CHASS.--.HH.20230322T145034.mseed,data/metadata/switzerland/2023frzpnq/CH.CHASS.--.HH.xml,OK,,0,HHE;HHN;HHZ,True,200.0,2023-03-22T14:49:04.195000Z,2023-03-22T14:54:04.195000Z,True,True,True,applied,,counts,m/s,"0.05,0.08,40,80",0.1,15.0,47.1609,7.12129,28.116298154769922,28.631157903016547,0.00010005296921561496,0.00031658752999168477,0.00015895646711410635,0.00033737837302386694,0.0003448234478762591,8.655879811062589e-06,7.205085118941378e-07,1.3486740575917484e-08,0.004495011034686437,0.01764214429071416,band_limited_pgv_m_s,band_limited_pga_m_s2,ok,138.86438198014716,12.013570510509627,288.0878254110411,250.78252487077245,23.8531571425696,trigger_onset_first,trigger_onset_first,-80.006549,-73.081549,15.000250000000001,2023-03-22T14:50:35.380000Z,1.183451,2.5145245442866937,False,True,True,30,3,expected_event_window,-74.646549,-70.086549,True,-5.0,90.0
2023frzpnq,smi:ch.ethz.sed/sc20a/Event/2023frzpnq,2023-03-22T14:50:34.196549,4.27811633,MLhc,Porrentruy JU,47.37298275,6.918389507,5.405273438,CH,MUTEZ,--,data/raw/switzerland/2023frzpnq/CH.MUTEZ.--.HH.20230322T145034.mseed,data/metadata/switzerland/2023frzpnq/CH.MUTEZ.--.HH.xml,OK,,0,HHE;HHN;HHZ,True,200.0,2023-03-22T14:49:04.195000Z,2023-03-22T14:54:04.195000Z,True,True,True,applied,,counts,m/s,"0.05,0.08,40,80",0.1,15.0,47.50647,7.64884,56.905669518853756,57.16180721713187,0.00021757096206036087,0.00027770144294738915,0.00034944004374775424,0.0003599579104861273,0.0003607897780828992,1.184497616223895e-05,8.141193990702339e-07,2.5255324368423033e-08,0.008327597279019853,0.01011628485490072,band_limited_pgv_m_s,band_limited_pga_m_s2,ok,267.24699387932293,14.549433628244849,295.95827014653395,246.51314556798496,202.37110897576477,trigger_onset_first,trigger_onset_first,-80.006549,-73.901549,15.000250000000001,2023-03-22T14:50:39.155000Z,4.958451,2.5057223291281843,False,True,True,29,9,expected_event_window,-73.666549,-70.151549,True,-5.0,90.0
2023frzpnq,smi:ch.ethz.sed/sc20a/Event/2023frzpnq,2023-03-22T14:50:34.196549,4.27811633,MLhc,Porrentruy JU,47.37298275,6.918389507,5.405273438,CH,BALST,--,data/raw/switzerland/2023frzpnq/CH.BALST.--.HH.20230322T145034.mseed,data/metadata/switzerland/2023frzpnq/CH.BALST.--.HH.xml,OK,,0,HHE;HHN;HHZ,True,200.0,2023-03-22T14:49:04.195000Z,2023-03-22T14:54:04.195000Z,True,True,True,applied,,counts,m/s,"0.05,0.08,40,80",0.1,15.0,47.33599,7.69485,58.63511429306463,58.883729578724044,7.407627193547226e-05,8.870045096332987e-05,0.00011221063199350893,0.000112210633039336,0.00011738968575946852,5.859510366866696e-06,7.037552254568567e-07,6.1802667824039894e-09,0.003358115303411453,0.005179137566373721,band_limited_pgv_m_s,band_limited_pga_m_s2,ok,105.25857465198098,8.326063032871804,104.10819196976601,91.1949836431341,103.82204833877846,trigger_onset_first,trigger_onset_first,-80.006549,-73.421549,15.000250000000001,2023-03-22T14:50:44.660000Z,10.463451,2.520213733651885,False,True,True,27,6,expected_event_window,-73.101549,-70.716549,True,-5.0,90.0
2023frzpnq,smi:ch.ethz.sed/sc20a/Event/2023frzpnq,2023-03-22T14:50:34.196549,4.27811633,MLhc,Porrentruy JU,47.37298275,6.918389507,5.405273438,CH,ACB,--,data/raw/switzerland/2023frzpnq/CH.ACB.--.HH.20230322T145034.mseed,data/metadata/switzerland/2023frzpnq/CH.ACB.--.HH.xml,OK,,0,HHE;HHN;HHZ,True,200.0,2023-03-22T14:49:04.195000Z,2023-03-22T14:54:04.195000Z,True,True,True,applied,,counts,m/s,"0.05,0.08,40,80",0.1,15.0,47.58772,8.25474,103.22526835428556,103.36669196483854,0.0001050405878135118,0.00011819142382523274,0.00012001086289575799,0.0001488090488193077,0.0001660483160127919,6.547272553766693e-06,5.493768308997369e-07,7.716234354684662e-09,0.003093670170391265,0.005284820984955697,band_limited_pgv_m_s,band_limited_pga_m_s2,ok,191.19952263273012,11.91763501027875,183.76942657790192,169.69119793383675,23.938293567977937,trigger_onset_first,trigger_onset_first,-79.781549,-64.151549,15.000250000000001,2023-03-22T14:50:31.320000Z,-2.876549,2.523484946913024,False,False,True,26,5,search_window_pre_origin,-72.546549,-72.696549,True,-5.0,90.0
2023frzpnq,smi:ch.ethz.sed/sc20a/Event/2023frzpnq,2023-03-22T14:50:34.196549,4.27811633,MLhc,Porrentruy JU,47.37298275,6.918389507,5.405273438,CH,GIMEL,--,data/raw/switzerland/2023frzpnq/CH.GIMEL.--.HH.20230322T145034.mseed,data/metadata/switzerland/2023frzpnq/CH.GIMEL.--.HH.xml,OK,,0,HHE;HHN;HHZ,True,200.0,2023-03-22T14:49:04.195000Z,2023-03-22T14:54:04.195000Z,True,True,True,applied,,counts,m/s,"0.05,0.08,40,80",0.1,15.0,46.53364,6.26545,105.67153326592593,105.80968728670943,0.00017574497298164998,0.00027145276537455924,0.0002690008712815594,0.0003258372169270513,0.00035120510580695884,9.633333754121085e-06,9.238779200496735e-07,1.6704665464888046e-08,0.007705335344013534,0.01183850626295044,band_limited_pgv_m_s,band_limited_pga_m_s2,ok,190.22531999920596,10.427063516793579,316.75485046975007,254.00882373436582,92.16615345240872,trigger_onset_first,trigger_onset_first,-79.381549,-74.906549,15.000250000000001,2023-03-22T14:50:41.390000Z,7.193451,2.5114645702025067,False,True,True,29,4,expected_event_window,-59.996549,-60.311549,True,-5.0,90.0
2024hxsnga,smi:ch.ethz.sed/sc20a/Event/2024hxsnga,2024-04-22T01:35:55.193885,3.783988693,MLhc,Yvonand VD,46.83715379,6.741095415,2.165527344,CH,CHAMB,--,data/raw/switzerland/2024hxsnga/CH.CHAMB.--.HH.20240422T013555.mseed,data/metadata/switzerland/2024hxsnga/CH.CHAMB.--.HH.xml,OK,,0,HHE;HHN;HHZ,True,200.0,2024-04-22T01:34:25.195000Z,2024-04-22T01:39:25.195000Z,True,True,True,applied,,counts,m/s,"0.05,0.08,40,80",0.1,15.0,46.78233,6.61184,11.572699944329225,11.773567542554353,0.00036536901541734036,0.0002558025986199398,0.0003304182113166067,0.00033184813745263303,0.0004660511018065477,1.3595795412058458e-05,1.2722873602701485e-07,3.3273141747843395e-08,0.008962979385710336,0.012866514835864354,band_limited_pgv_m_s,band_limited_pga_m_s2,ok,2871.7491568866994,106.86104284783292,2278.349488364356,2409.831367047401,12.232283899099066,trigger_onset_first,trigger_onset_first,-80.003885,-70.688885,15.000250000000001,2024-04-22T01:35:52.565000Z,-2.628885,2.518611778132893,False,False,True,30,10,search_window_pre_origin,-67.893885,-69.128885,True,-5.0,90.0
2024hxsnga,smi:ch.ethz.sed/sc20a/Event/2024hxsnga,2024-04-22T01:35:55.193885,3.783988693,MLhc,Yvonand VD,46.83715379,6.741095415,2.165527344,CH,TORNY,--,data/raw/switzerland/2024hxsnga/CH.TORNY.--.HH.20240422T013555.mseed,data/metadata/switzerland/2024hxsnga/CH.TORNY.--.HH.xml,OK,,0,HHE;HHN;HHZ,True,200.0,2024-04-22T01:34:25.195000Z,2024-04-22T01:39:25.195000Z,True,True,True,applied,,counts,m/s,"0.05,0.08,40,80",0.1,15.0,46.77363,6.95874,18.00815971491518,18.137897480014207,0.0003270033495773735,0.0007292860437538187,0.0007853319560716644,0.0009739140608968698,0.0009757913560423844,1.3878346922592458e-05,1.6946425934925874e-07,3.46704954372562e-08,0.009538339250730724,0.030811708275333846,band_limited_pgv_m_s,band_limited_pga_m_s2,ok,1929.6301818039005,81.89542134657295,4020.7789730411714,3300.8753528565107,32.11648182016624,trigger_onset_first,trigger_onset_first,-79.598885,-71.898885,15.000250000000001,2024-04-22T01:35:52.050000Z,-3.143885,2.5053469450889128,False,False,True,31,7,search_window_pre_origin,-62.358885,-72.243885,True,-5.0,90.0
2024hxsnga,smi:ch.ethz.sed/sc20a/Event/2024hxsnga,2024-04-22T01:35:55.193885,3.783988693,MLhc,Yvonand VD,46.83715379,6.741095415,2.165527344,CH,VINZL,--,data/raw/switzerland/2024hxsnga/CH.VINZL.--.HH.20240422T013555.mseed,data/metadata/switzerland/2024hxsnga/CH.VINZL.--.HH.xml,OK,,0,HHE;HHN;HHZ,True,200.0,2024-04-22T01:34:25.195000Z,2024-04-22T01:39:25.195000Z,True,True,True,applied,,counts,m/s,"0.05,0.08,40,80",0.1,15.0,46.45175,6.27815,55.546908792003485,55.58910491296623,3.133297581974007e-05,4.2107108307166365e-05,4.7357010633263795e-05,5.36832521097678e-05,5.3684343925253805e-05,3.5426892297871564e-06,1.582315750604106e-07,2.259179209427879e-09,0.0007069184425766057,0.0008987127703693296,band_limited_pgv_m_s,band_limited_pga_m_s2,ok,198.0197429481289,22.389268566874893,270.72077009120676,211.61310864072442,1.9497420323242367,trigger_onset_first,trigger_onset_first,-79.333885,-73.768885,15.000250000000001,2024-04-22T01:35:50.955000Z,-4.238885,2.5043656344182956,False,False,True,30,7,search_window_pre_origin,-74.018885,-66.248885,True,-5.0,90.0
2024hxsnga,smi:ch.ethz.sed/sc20a/Event/2024hxsnga,2024-04-22T01:35:55.193885,3.783988693,MLhc,Yvonand VD,46.83715379,6.741095415,2.165527344,CH,MESRY,--,data/raw/switzerland/2024hxsnga/CH.MESRY.--.HH.20240422T013555.mseed,data/metadata/switzerland/2024hxsnga/CH.MESRY.--.HH.xml,OK,,0,HHE;HHN;HHZ,True,200.0,2024-04-22T01:34:25.195000Z,2024-04-22T01:39:25.195000Z,True,True,True,applied,,counts,m/s,"0.05,0.08,40,80",0.1,15.0,46.346559,6.30842,63.78811432463264,63.82486222288314,2.2734452475144832e-05,5.028814639648725e-05,5.629812459997699e-05,6.358281095478237e-05,6.385149831588478e-05,1.7906176431276769e-06,1.974570806022334e-07,5.771521094561403e-10,0.0004975504018500383,0.0014182351706873311,band_limited_pgv_m_s,band_limited_pga_m_s2,ok,115.1361724067123,9.068389128748334,281.1260350803746,212.6694060648662,2.4198812603663513,trigger_onset_first,trigger_onset_first,-79.893885,-73.328885,15.000250000000001,2024-04-22T01:35:51.210000Z,-3.983885,2.550945486260288,False,False,True,35,9,search_window_pre_origin,-68.688885,-74.283885,True,-5.0,90.0
2024hxsnga,smi:ch.ethz.sed/sc20a/Event/2024hxsnga,2024-04-22T01:35:55.193885,3.783988693,MLhc,Yvonand VD,46.83715379,6.741095415,2.165527344,CH,MUTEZ,--,data/raw/switzerland/2024hxsnga/CH.MUTEZ.--.HH.20240422T013555.mseed,data/metadata/switzerland/2024hxsnga/CH.MUTEZ.--.HH.xml,OK,,0,HHE;HHN;HHZ,True,200.0,2024-04-22T01:34:25.195000Z,2024-04-22T01:39:25.195000Z,True,True,True,applied,,counts,m/s,"0.05,0.08,40,80",0.1,15.0,47.50647,7.64884,101.22748669314922,101.25064726158206,2.3082203021319557e-05,3.509891872903864e-05,5.509942844048969e-05,6.392548402629533e-05,6.424969954536081e-05,1.8492953902155915e-06,9.718555051419468e-08,6.155979187162759e-10,0.0009540983815750199,0.0015396222915657959,band_limited_pgv_m_s,band_limited_pga_m_s2,ok,237.50653156971345,19.02850146375914,368.45926309099303,323.090472628755,3.9319186164526343,trigger_onset_first,trigger_onset_first,-80.003885,-63.398885,15.000250000000001,2024-04-22T01:35:50.545000Z,-4.648885,2.501641481158928,False,False,True,26,5,search_window_pre_origin,-69.633885,-72.633885,True,-5.0,90.0
2024hxsnga,smi:ch.ethz.sed/sc20a/Event/2024hxsnga,2024-04-22T01:35:55.193885,3.783988693,MLhc,Yvonand VD,46.83715379,6.741095415,2.165527344,CH,MFERR,--,data/raw/switzerland/2024hxsnga/CH.MFERR.--.HH.20240422T013555.mseed,data/metadata/switzerland/2024hxsnga/CH.MFERR.--.HH.xml,OK,,0,HHE;HHN;HHZ,True,200.0,2024-04-22T01:34:25.195000Z,2024-04-22T01:39:25.195000Z,True,True,True,applied,,counts,m/s,"0.05,0.08,40,80",0.1,15.0,45.95101,7.11229,102.56408114624435,102.58693995851034,1.1808409508854636e-05,1.6673234568570877e-05,1.3959376079272448e-05,1.6992928807584608e-05,1.8400911010543204e-05,1.0969961089029857e-06,9.267285433421835e-08,2.166181003330072e-10,0.00029874123737240287,0.0005081886085187854,band_limited_pgv_m_s,band_limited_pga_m_s2,ok,127.42037130170189,11.837297089682204,158.44051592043135,129.8188639647071,11.663318340680108,trigger_onset_first,trigger_onset_first,-73.963885,-73.963885,15.000250000000001,2024-04-22T01:35:50.310000Z,-4.883885,2.5256838428628736,False,False,True,31,8,search_window_pre_origin,-69.318885,-74.213885,True,-5.0,90.0
2024jelhrc,smi:ch.ethz.sed/sc20a/Event/2024jelhrc,2024-05-09T21:25:57.777868,3.720042857,MLhc,Arolla VS,46.03645454,7.361600981,4.074707031,CH,DIX,--,data/raw/switzerland/2024jelhrc/CH.DIX.--.HH.20240509T212557.mseed,data/metadata/switzerland/2024jelhrc/CH.DIX.--.HH.xml,OK,,0,HHE;HHN;HHZ,True,200.0,2024-05-09T21:24:27.780000Z,2024-05-09T21:29:27.780000Z,True,True,True,applied,,counts,m/s,"0.05,0.08,40,80",0.1,15.0,46.081053,7.408391,6.134120222502586,7.364147492588399,0.002976414226486946,0.0014936820864135726,0.002496110361071874,0.0026083929315728685,0.0034451084275872144,6.807752545154906e-05,7.029252842186825e-08,8.342420776364938e-07,0.12556782751015705,0.10380227756435803,band_limited_pgv_m_s,band_limited_pga_m_s2,ok,42343.25174111923,968.4887850807469,43718.94768471766,37365.94387041234,17137.62133704256,trigger_onset_first,trigger_onset_first,-80.002868,-72.112868,15.000250000000001,2024-05-09T21:25:59.670000Z,1.892132,2.5029866643830285,False,True,True,26,10,expected_event_window,-73.357868,-74.927868,True,-5.0,90.0
2024jelhrc,smi:ch.ethz.sed/sc20a/Event/2024jelhrc,2024-05-09T21:25:57.777868,3.720042857,MLhc,Arolla VS,46.03645454,7.361600981,4.074707031,CH,MFERR,--,data/raw/switzerland/2024jelhrc/CH.MFERR.--.HH.20240509T212557.mseed,data/metadata/switzerland/2024jelhrc/CH.MFERR.--.HH.xml,OK,,0,HHE;HHN;HHZ,True,200.0,2024-05-09T21:24:27.780000Z,2024-05-09T21:29:27.779998Z,True,True,True,applied,,counts,m/s,"0.05,0.08,40,80",0.1,15.0,45.95101,7.11229,21.475564571062833,21.858707899470406,0.00023946241466374135,0.0005332521629442452,0.00034293355557922045,0.000561514599242047,0.0005632116650055231,9.683449304192e-06,6.471402293607068e-08,1.687892312278631e-08,0.010422748385186987,0.025409932955900418,band_limited_pgv_m_s,band_limited_pga_m_s2,ok,3700.317238820095,149.63448206207227,10288.294834430208,6652.932852536228,253.16974662202992,trigger_onset_first,trigger_onset_first,-79.87287,-73.93787,15.000250000000001,2024-05-09T21:25:57.459998Z,-0.31787,2.5517733054589593,False,False,True,20,5,search_window_pre_origin,-69.27787,-71.907868,True,-5.0,90.0
2024jelhrc,smi:ch.ethz.sed/sc20a/Event/2024jelhrc,2024-05-09T21:25:57.777868,3.720042857,MLhc,Arolla VS,46.03645454,7.361600981,4.074707031,CH,SIMPL,--,data/raw/switzerland/2024jelhrc/CH.SIMPL.--.HH.20240509T212557.mseed,data/metadata/switzerland/2024jelhrc/CH.SIMPL.--.HH.xml,OK,,0,HHE;HHN;HHZ,True,200.0,2024-05-09T21:24:27.780000Z,2024-05-09T21:29:27.780000Z,True,True,True,applied,,counts,m/s,"0.05,0.08,40,80",0.1,15.0,46.23962,8.01958,55.50234917404225,55.65172055943814,5.19484264484977e-05,3.9810671499613746e-05,3.157308603465488e-05,4.004693097454079e-05,5.2814036200197794e-05,2.416681415071813e-06,4.8216679800488614e-08,1.0512920328969399e-09,0.0019492930908812788,0.0019110089081268227,band_limited_pgv_m_s,band_limited_pga_m_s2,ok,1077.3953466611624,50.12127390503821,731.733906272361,724.0854211427152,49.56127433324328,trigger_onset_first,trigger_onset_first,-78.857868,-74.587868,15.000250000000001,2024-05-09T21:25:53.765000Z,-4.012868,2.5196858066621903,False,False,True,21,3,search_window_pre_origin,-72.047868,-74.457868,True,-5.0,90.0
2024jelhrc,smi:ch.ethz.sed/sc20a/Event/2024jelhrc,2024-05-09T21:25:57.777868,3.720042857,MLhc,Arolla VS,46.03645454,7.361600981,4.074707031,CH,JAUN,--,data/raw/switzerland/2024jelhrc/CH.JAUN.--.HH.20240509T212557.mseed,data/metadata/switzerland/2024jelhrc/CH.JAUN.--.HH.xml,OK,,0,HHE;HHN;HHZ,True,200.0,2024-05-09T21:24:27.780000Z,2024-05-09T21:29:27.780000Z,True,True,True,applied,,counts,m/s,"0.05,0.08,40,80",0.1,15.0,46.63395,7.29096,66.6594396561649,66.78386131890227,8.553836471142507e-06,1.2945156956911276e-05,8.837989260602877e-06,1.33626669981521e-05,1.4116797845772742e-05,8.24136968129028e-07,7.017166438312002e-08,1.2225970961135439e-10,0.0002691299164824896,0.00031848122949548237,band_limited_pgv_m_s,band_limited_pga_m_s2,ok,121.89872573693941,11.744583449374138,168.28300139266733,133.21668866713142,23.236703566678425,trigger_onset_first,trigger_onset_first,-80.002868,-71.797868,15.000250000000001,2024-05-09T21:25:53.700000Z,-4.077868,2.503255965214557,False,False,True,34,7,search_window_pre_origin,-67.132868,-71.567868,True,-5.0,90.0
2024jelhrc,smi:ch.ethz.sed/sc20a/Event/2024jelhrc,2024-05-09T21:25:57.777868,3.720042857,MLhc,Arolla VS,46.03645454,7.361600981,4.074707031,CH,HASLI,--,data/raw/switzerland/2024jelhrc/CH.HASLI.--.HH.20240509T212557.mseed,data/metadata/switzerland/2024jelhrc/CH.HASLI.--.HH.xml,OK,,0,HHE;HHN;HHZ,True,200.0,2024-05-09T21:24:27.780000Z,2024-05-09T21:29:27.780000Z,True,True,True,applied,,counts,m/s,"0.05,0.08,40,80",0.1,15.0,46.75673,8.15108,100.3979711155498,100.48062420938304,2.4534264580067693e-05,4.928358840619249e-05,2.6045648381889996e-05,4.9926054002482834e-05,5.038134371675579e-05,1.2877738585687712e-06,7.18151111427897e-08,2.9851336375391236e-10,0.0007026653542887908,0.001156551385709704,band_limited_pgv_m_s,band_limited_pga_m_s2,ok,341.63094910883467,17.931795106579948,596.7465978442237,456.93662009798544,80.35982846687828,trigger_onset_first,trigger_onset_first,-79.222868,-72.247868,15.000250000000001,2024-05-09T21:26:01.615000Z,3.837132,2.500829779508357,False,True,True,31,7,expected_event_window,-74.622868,-66.712868,True,-5.0,90.0
2024jelhrc,smi:ch.ethz.sed/sc20a/Event/2024jelhrc,2024-05-09T21:25:57.777868,3.720042857,MLhc,Arolla VS,46.03645454,7.361600981,4.074707031,CH,GIMEL,--,data/raw/switzerland/2024jelhrc/CH.GIMEL.--.HH.20240509T212557.mseed,data/metadata/switzerland/2024jelhrc/CH.GIMEL.--.HH.xml,OK,,0,HHE;HHN;HHZ,True,200.0,2024-05-09T21:24:27.780000Z,2024-05-09T21:29:27.780000Z,True,True,True,applied,,counts,m/s,"0.05,0.08,40,80",0.1,15.0,46.53364,6.26545,100.75283150278122,100.83519372330429,1.1335389692883342e-05,2.428969546549455e-05,2.035166427144066e-05,2.5874831217638512e-05,2.60974770046259e-05,7.579884699399939e-07,7.113290135688221e-08,1.0342124643375798e-10,0.00032629961323399885,0.0006789862878139313,band_limited_pgv_m_s,band_limited_pga_m_s2,ok,159.3550871208296,10.655947606257136,236.36082890556978,199.90026895594136,6.007192607257568,trigger_onset_first,trigger_onset_first,-79.637868,-68.637868,15.000250000000001,2024-05-09T21:25:54.360000Z,-3.417868,2.543071971457162,False,False,True,34,7,search_window_pre_origin,-74.197868,-74.577868,True,-5.0,90.0
2024kyoses,smi:ch.ethz.sed/sc20a/Event/2024kyoses,2024-06-04T00:34:32.666532,4.420761769,MLhc,Pragelpass GL/SZ,47.05040072,8.858099939,0.06103515625,CH,LLS,--,data/raw/switzerland/2024kyoses/CH.LLS.--.HH.20240604T003432.mseed,data/metadata/switzerland/2024kyoses/CH.LLS.--.HH.xml,OK,,0,HHE;HHN;HHZ,True,200.0,2024-06-04T00:33:02.665000Z,2024-06-04T00:38:02.665000Z,True,True,True,applied,,counts,m/s,"0.05,0.08,40,80",0.1,15.0,46.84676,9.00825,25.350459373491628,25.350532849179878,0.0002029993234530157,0.0001769955422435062,0.0001558006238437907,0.00018296903052448052,0.0002446347445706662,1.4317353382224572e-05,8.883400980338267e-08,3.689861434990889e-08,0.0040828321024448415,0.0036585606780212394,band_limited_pgv_m_s,band_limited_pga_m_s2,ok,2285.1532189340146,161.16973008325678,2349.2013083729826,2070.6749908738866,526.1619780170157,trigger_onset_first,trigger_onset_first,-80.006532,-68.666532,15.000250000000001,2024-06-04T00:34:30.450000Z,-2.216532,2.5256665447779976,False,False,True,34,7,search_window_pre_origin,-71.586532,-73.821532,True,-5.0,90.0
2024kyoses,smi:ch.ethz.sed/sc20a/Event/2024kyoses,2024-06-04T00:34:32.666532,4.420761769,MLhc,Pragelpass GL/SZ,47.05040072,8.858099939,0.06103515625,CH,PANIX,--,data/raw/switzerland/2024kyoses/CH.PANIX.--.HH.20240604T003432.mseed,data/metadata/switzerland/2024kyoses/CH.PANIX.--.HH.xml,OK,,0,HHE;HHN;HHZ,True,200.0,2024-06-04T00:33:02.665000Z,2024-06-04T00:38:02.665000Z,True,True,True,applied,,counts,m/s,"0.05,0.08,40,80",0.1,15.0,46.825743,9.111708,31.54008501474349,31.540144071128548,0.0001851075162569155,0.00014917103924398772,0.00010873585255600817,0.00017899519391244788,0.00020936945796002653,1.6277906786292884e-05,8.936400319038105e-08,4.7695969733029895e-08,0.003027924990909436,0.001986698293033143,band_limited_pgv_m_s,band_limited_pga_m_s2,ok,2071.387915138073,182.15283788948483,1800.4184390097341,1566.2140150004673,191.65306595035483,trigger_onset_first,trigger_onset_first,-80.006532,-73.501532,15.000250000000001,2024-06-04T00:34:31.360000Z,-1.306532,2.5468305805805596,False,False,True,30,5,search_window_pre_origin,-71.801532,-70.661532,True,-5.0,90.0
2024kyoses,smi:ch.ethz.sed/sc20a/Event/2024kyoses,2024-06-04T00:34:32.666532,4.420761769,MLhc,Pragelpass GL/SZ,47.05040072,8.858099939,0.06103515625,CH,HASLI,--,data/raw/switzerland/2024kyoses/CH.HASLI.--.HH.20240604T003432.mseed,data/metadata/switzerland/2024kyoses/CH.HASLI.--.HH.xml,OK,,0,HHE;HHN;HHZ,True,200.0,2024-06-04T00:33:02.665000Z,2024-06-04T00:38:02.665000Z,True,True,True,applied,,counts,m/s,"0.05,0.08,40,80",0.1,15.0,46.75673,8.15108,62.86023433723512,62.86026396876179,6.480107112727813e-05,0.00010485263483254757,8.091003325901668e-05,0.0001219663911370399,0.0001224430675973699,7.073246908070451e-06,6.352506372549317e-08,9.005798082164188e-09,0.0007947930134814669,0.0015935025429629868,band_limited_pgv_m_s,band_limited_pga_m_s2,ok,1020.0866764541771,111.34576643064263,609.2559979650329,582.9888807675051,185.40150592042528,trigger_onset_first,trigger_onset_first,-79.891532,-71.201532,15.000250000000001,2024-06-04T00:34:32.910000Z,0.243468,2.502396665040014,False,True,True,41,10,expected_event_window,-73.056532,-71.016532,True,-5.0,90.0
2024kyoses,smi:ch.ethz.sed/sc20a/Event/2024kyoses,2024-06-04T00:34:32.666532,4.420761769,MLhc,Pragelpass GL/SZ,47.05040072,8.858099939,0.06103515625,CH,SLE,--,data/raw/switzerland/2024kyoses/CH.SLE.--.HH.20240604T003432.mseed,data/metadata/switzerland/2024kyoses/CH.SLE.--.HH.xml,OK,,0,HHE;HHN;HHZ,True,200.0,2024-06-04T00:33:02.665001Z,2024-06-04T00:38:02.665000Z,True,True,True,applied,,counts,m/s,"0.05,0.08,40,80",0.1,15.0,47.7645,8.49236,84.03886914291893,84.03889130700708,8.398911049780458e-05,0.00013174608090961085,0.00023287728288670634,0.0002334259392745391,0.00024689614738092737,1.1251592677985858e-05,7.482366953251897e-08,2.278833379412385e-08,0.0009864356209785409,0.003111965028061074,band_limited_pgv_m_s,band_limited_pga_m_s2,ok,1122.4938715589487,150.3747777713017,2215.641938830608,1910.6558439294074,86.04212205428952,trigger_onset_first,trigger_onset_first,-76.826532,-70.421532,15.000250000000001,2024-06-04T00:34:28.615000Z,-4.051532,2.5152279521687753,False,False,True,35,8,search_window_pre_origin,-58.211531,-70.616531,True,-5.0,90.0
2024kyoses,smi:ch.ethz.sed/sc20a/Event/2024kyoses,2024-06-04T00:34:32.666532,4.420761769,MLhc,Pragelpass GL/SZ,47.05040072,8.858099939,0.06103515625,CH,WIMIS,--,data/raw/switzerland/2024kyoses/CH.WIMIS.--.HH.20240604T003432.mseed,data/metadata/switzerland/2024kyoses/CH.WIMIS.--.HH.xml,OK,,0,HHE;HHN;HHZ,True,200.0,2024-06-04T00:33:02.665000Z,2024-06-04T00:38:02.664998Z,True,True,True,applied,,counts,m/s,"0.05,0.08,40,80",0.1,15.0,46.66488,7.62418,103.1508540085238,103.15087206600867,6.798378601199665e-05,9.10765673133933e-05,5.8617740219511105e-05,0.00010109826246641607,0.00010603478087120676,5.404858730779094e-06,7.63191326390923e-08,5.258395684431718e-09,0.0007044472590435856,0.0007686201743526425,band_limited_pgv_m_s,band_limited_pga_m_s2,ok,890.7830010789967,70.81918444144645,874.7718852524459,765.613717186658,64.72956631002096,trigger_onset_first,trigger_onset_first,-79.111532,-68.531532,15.000250000000001,2024-06-04T00:34:37.570000Z,4.903468,2.513229348793935,False,True,True,35,8,expected_event_window,-58.586534,-73.936532,True,-5.0,90.0
2024kyoses,smi:ch.ethz.sed/sc20a/Event/2024kyoses,2024-06-04T00:34:32.666532,4.420761769,MLhc,Pragelpass GL/SZ,47.05040072,8.858099939,0.06103515625,CH,HAUIG,--,data/raw/switzerland/2024kyoses/CH.HAUIG.--.HH.20240604T003432.mseed,data/metadata/switzerland/2024kyoses/CH.HAUIG.--.HH.xml,OK,,0,HHE;HHN;HHZ,True,200.0,2024-06-04T00:33:02.665000Z,2024-06-04T00:38:02.665000Z,True,True,True,applied,,counts,m/s,"0.05,0.08,40,80",0.1,15.0,47.66038,7.70018,110.49049389895416,110.49051075692032,7.480565970780345e-05,0.00025183259237596746,0.00019646662850287899,0.000292379168439822,0.00029365645776856963,8.723331221725092e-06,1.0996298084464751e-07,1.3697751851244304e-08,0.0012653600191830016,0.0036523321546199938,band_limited_pgv_m_s,band_limited_pga_m_s2,ok,680.2803919392355,79.32970855027256,1416.0241648930373,1255.292819835233,11.69835971263418,trigger_onset_first,trigger_onset_first,-80.006532,-69.326532,15.000250000000001,2024-06-04T00:34:32.885000Z,0.218468,2.520335974264518,False,True,True,28,7,expected_event_window,-73.531532,-74.196532,True,-5.0,90.0
2024movmgz,smi:ch.ethz.sed/sc20a/Event/2024movmgz,2024-06-27T01:06:52.092872,4.246534701,MLhc,Laufenburg,47.69935083,7.966353118,8.249511719,CH,HAUIG,--,data/raw/switzerland/2024movmgz/CH.HAUIG.--.HH.20240627T010652.mseed,data/metadata/switzerland/2024movmgz/CH.HAUIG.--.HH.xml,OK,,0,HHE;HHN;HHZ,True,200.0,2024-06-27T01:05:22.095000Z,2024-06-27T01:10:22.095000Z,True,True,True,applied,,counts,m/s,"0.05,0.08,40,80",0.1,15.0,47.66038,7.70018,20.39262846642812,21.99803944381619,0.0008557873387771501,0.0020374048667687376,0.0008975565945932839,0.002135699688617252,0.0021451556647087877,3.588462827936747e-05,1.2517710652647483e-07,2.3179361694744203e-07,0.03077025489308376,0.06665158493300158,band_limited_pgv_m_s,band_limited_pga_m_s2,ok,6836.61224104227,286.67085599855994,10737.912475299428,9128.0836381077,113.67034598847954,trigger_onset_first,trigger_onset_first,-80.002872,-74.542872,15.000250000000001,2024-06-27T01:06:56.000000Z,3.907128,2.5320289554516657,False,True,True,16,8,expected_event_window,-69.222872,-74.062872,True,-5.0,90.0
2024movmgz,smi:ch.ethz.sed/sc20a/Event/2024movmgz,2024-06-27T01:06:52.092872,4.246534701,MLhc,Laufenburg,47.69935083,7.966353118,8.249511719,CH,METMA,--,data/raw/switzerland/2024movmgz/CH.METMA.--.HH.20240627T010652.mseed,data/metadata/switzerland/2024movmgz/CH.METMA.--.HH.xml,OK,,0,HHE;HHN;HHZ,True,200.0,2024-06-27T01:05:22.095000Z,2024-06-27T01:10:22.095000Z,True,True,True,applied,,counts,m/s,"0.05,0.08,40,80",0.1,15.0,47.71217,8.25262,21.467942735996594,22.998413182607777,0.000365270981807281,0.0006746445713646691,0.0002727444440240929,0.000674644586158717,0.0006778477168217187,1.6050464710781077e-05,1.3665324441416802e-07,4.637242322485233e-08,0.009654743209146298,0.025182148176666627,band_limited_pgv_m_s,band_limited_pga_m_s2,ok,2672.977018388377,117.45396005480414,4311.211755309563,3262.7316830534155,44.459991965417125,trigger_onset_first,trigger_onset_first,-80.002872,-74.727872,15.000250000000001,2024-06-27T01:06:50.225000Z,-1.867872,2.508090176269438,False,False,True,18,6,search_window_pre_origin,-72.647872,-73.857872,True,-5.0,90.0
2024movmgz,smi:ch.ethz.sed/sc20a/Event/2024movmgz,2024-06-27T01:06:52.092872,4.246534701,MLhc,Laufenburg,47.69935083,7.966353118,8.249511719,CH,TRULL,--,data/raw/switzerland/2024movmgz/CH.TRULL.--.HH.20240627T010652.mseed,data/metadata/switzerland/2024movmgz/CH.TRULL.--.HH.xml,OK,,0,HHE;HHN;HHZ,True,200.0,2024-06-27T01:05:22.095000Z,2024-06-27T01:10:22.095000Z,True,True,True,applied,,counts,m/s,"0.05,0.08,40,80",0.1,15.0,47.6487,8.68161,53.84847259288633,54.476714697095574,0.0006537780065348881,0.0007548294522518395,0.0010451915606197308,0.0010735724542953534,0.001124133750229008,2.7766930209276504e-05,2.509087611178259e-07,1.3878428939649601e-07,0.026899235056664462,0.037453920340214976,band_limited_pgv_m_s,band_limited_pga_m_s2,ok,2605.6404073824915,110.66544701576701,2672.5653246741863,2373.4766810730953,300.57456967758907,trigger_onset_first,trigger_onset_first,-80.002872,-66.567872,15.000250000000001,2024-06-27T01:06:57.895000Z,5.802128,2.50740951473392,False,True,True,17,6,expected_event_window,-73.582872,-53.677872,True,-5.0,90.0
2024movmgz,smi:ch.ethz.sed/sc20a/Event/2024movmgz,2024-06-27T01:06:52.092872,4.246534701,MLhc,Laufenburg,47.69935083,7.966353118,8.249511719,CH,BOURR,--,data/raw/switzerland/2024movmgz/CH.BOURR.--.HH.20240627T010652.mseed,data/metadata/switzerland/2024movmgz/CH.BOURR.--.HH.xml,OK,,0,HHE;HHN;HHZ,True,200.0,2024-06-27T01:05:22.095000Z,2024-06-27T01:10:22.095000Z,True,True,True,applied,,counts,m/s,"0.05,0.08,40,80",0.1,15.0,47.39364,7.2301,64.87807300731475,65.40044954543036,9.027056434616171e-05,5.816288354237763e-05,6.049502104520396e-05,7.011004808421762e-05,9.899232546608109e-05,7.263779670332746e-06,1.1393828141090578e-07,9.49751293032057e-09,0.002804208250836367,0.0021255923238975194,band_limited_pgv_m_s,band_limited_pga_m_s2,ok,792.2759868617899,63.751880231866316,343.81666745022494,423.7875566380768,89.9927881712685,trigger_onset_first,trigger_onset_first,-80.002872,-73.372872,15.000250000000001,2024-06-27T01:06:50.150000Z,-1.942872,2.5060667054459063,False,False,True,23,6,search_window_pre_origin,-73.712872,-64.042872,True,-5.0,90.0
2024movmgz,smi:ch.ethz.sed/sc20a/Event/2024movmgz,2024-06-27T01:06:52.092872,4.246534701,MLhc,Laufenburg,47.69935083,7.966353118,8.249511719,CH,HASLI,--,data/raw/switzerland/2024movmgz/CH.HASLI.--.HH.20240627T010652.mseed,data/metadata/switzerland/2024movmgz/CH.HASLI.--.HH.xml,OK,,0,HHE;HHN;HHZ,True,200.0,2024-06-27T01:05:22.095000Z,2024-06-27T01:10:22.095000Z,True,True,True,applied,,counts,m/s,"0.05,0.08,40,80",0.1,15.0,46.75673,8.15108,105.73864637516054,106.05996313809075,0.00014292150734917792,0.0001824503948203839,0.00015241835860462107,0.0002198996243611304,0.00026135649288978386,6.204362925365062e-06,1.9089199331456738e-07,6.929133946332561e-09,0.004757487606686394,0.007530645582476966,band_limited_pgv_m_s,band_limited_pga_m_s2,ok,748.7035200772419,32.5019547317577,1142.83219328022,964.2653475550085,394.21751324367887,trigger_onset_first,trigger_onset_first,-79.172872,-73.277872,15.000250000000001,2024-06-27T01:06:49.850000Z,-2.242872,2.5235674628760507,False,False,True,23,8,search_window_pre_origin,-73.737872,-67.092872,True,-5.0,90.0
2024movmgz,smi:ch.ethz.sed/sc20a/Event/2024movmgz,2024-06-27T01:06:52.092872,4.246534701,MLhc,Laufenburg,47.69935083,7.966353118,8.249511719,CH,WIMIS,--,data/raw/switzerland/2024movmgz/CH.WIMIS.--.HH.20240627T010652.mseed,data/metadata/switzerland/2024movmgz/CH.WIMIS.--.HH.xml,OK,,0,HHE;HHN;HHZ,True,200.0,2024-06-27T01:05:22.095000Z,2024-06-27T01:10:22.095000Z,True,True,True,applied,,counts,m/s,"0.05,0.08,40,80",0.1,15.0,46.66488,7.62418,117.89859399836286,118.18685591212214,4.3669852813823003e-05,5.036635032505077e-05,5.5733176282500394e-05,7.295239464512588e-05,7.379355205181018e-05,2.36373244435863e-06,2.1315928915879096e-07,1.0057295284877947e-09,0.001617710740817068,0.002963344517026215,band_limited_pgv_m_s,band_limited_pga_m_s2,ok,204.8695742332466,11.089042629513509,416.755059511876,267.53851119003997,45.77837807500822,trigger_onset_first,trigger_onset_first,-79.542872,-72.092872,15.000250000000001,2024-06-27T01:06:49.965000Z,-2.127872,2.505914077129199,False,False,True,33,10,search_window_pre_origin,-73.527872,-71.812872,True,-5.0,90.0
2024tbdkpx,smi:ch.ethz.sed/sc20a/Event/2024tbdkpx,2024-09-26T17:38:11.379184,3.473763715,MLhc,Muerren BE,46.53897646,7.855241885,0.6079101562,CH,WIMIS,--,data/raw/switzerland/2024tbdkpx/CH.WIMIS.--.HH.20240926T173811.mseed,data/metadata/switzerland/2024tbdkpx/CH.WIMIS.--.HH.xml,OK,,0,HHE;HHN;HHZ,True,200.0,2024-09-26T17:36:41.380000Z,2024-09-26T17:41:41.380000Z,True,True,True,applied,,counts,m/s,"0.05,0.08,40,80",0.1,15.0,46.66488,7.62418,22.53021571949091,22.53841554157715,4.33440510533031e-05,6.677871464288909e-05,3.178070907813903e-05,6.678219857872464e-05,6.95247969879792e-05,2.639055372864378e-06,2.3049651030850967e-07,1.2536652100542862e-09,0.0008965231261269803,0.0023769078960673923,band_limited_pgv_m_s,band_limited_pga_m_s2,ok,188.04645239656318,11.449437431100868,234.04165032831088,189.53911732473733,44.214527675635374,trigger_onset_first,trigger_onset_first,-79.929184,-72.179184,15.000250000000001,2024-09-26T17:38:15.955000Z,4.575816,2.534891482486543,False,True,True,36,10,expected_event_window,-74.304184,-73.999184,True,-5.0,90.0
2024tbdkpx,smi:ch.ethz.sed/sc20a/Event/2024tbdkpx,2024-09-26T17:38:11.379184,3.473763715,MLhc,Muerren BE,46.53897646,7.855241885,0.6079101562,CH,FIESA,--,data/raw/switzerland/2024tbdkpx/CH.FIESA.--.HH.20240926T173811.mseed,data/metadata/switzerland/2024tbdkpx/CH.FIESA.--.HH.xml,OK,,0,HHE;HHN;HHZ,True,200.0,2024-09-26T17:36:41.380000Z,2024-09-26T17:41:41.380000Z,True,True,True,applied,,counts,m/s,"0.05,0.08,40,80",0.1,15.0,46.43521,8.11051,22.695161290513393,22.703301538772475,7.612520278203917e-05,0.00010301698009249707,5.3116842079686137e-05,0.00010617760627494391,0.00010681427511832707,3.4285259606616577e-06,2.5625652935685414e-07,2.1159210212788844e-09,0.0016846536409386931,0.0026852122154376714,band_limited_pgv_m_s,band_limited_pga_m_s2,ok,297.0663927006902,13.379272595576321,207.08089413223436,186.3455267869506,6.345230738366755,trigger_onset_first,trigger_onset_first,-80.004184,-74.394184,15.000250000000001,2024-09-26T17:38:07.395000Z,-3.984184,2.5182134652503536,False,False,True,41,5,search_window_pre_origin,-72.509184,-73.314184,True,-5.0,90.0
2024tbdkpx,smi:ch.ethz.sed/sc20a/Event/2024tbdkpx,2024-09-26T17:38:11.379184,3.473763715,MLhc,Muerren BE,46.53897646,7.855241885,0.6079101562,CH,MMK,--,data/raw/switzerland/2024tbdkpx/CH.MMK.--.HH.20240926T173811.mseed,data/metadata/switzerland/2024tbdkpx/CH.MMK.--.HH.xml,OK,,0,HHE;HHN;HHZ,True,200.0,2024-09-26T17:36:41.380000Z,2024-09-26T17:41:41.380000Z,True,True,True,applied,,counts,m/s,"0.05,0.08,40,80",0.1,15.0,46.0507,7.96409,54.93412556064679,54.93748907504709,1.8869592030373546e-05,1.7265685324352414e-05,1.504425918501582e-05,2.2040204746166018e-05,2.470566732156715e-05,1.1068065777987213e-06,2.0249159140926206e-07,2.2050986922253634e-10,0.00048660194435389985,0.0009984790339995669,band_limited_pgv_m_s,band_limited_pga_m_s2,ok,93.1870400101485,5.465938462411113,79.74869949892445,72.10956080002727,26.16303153125005,trigger_onset_first,trigger_onset_first,-79.904184,-74.199184,15.000250000000001,2024-09-26T17:38:06.460000Z,-4.919184,2.5380178800123296,False,False,True,34,7,search_window_pre_origin,-68.824184,-69.804184,True,-5.0,90.0
2024tbdkpx,smi:ch.ethz.sed/sc20a/Event/2024tbdkpx,2024-09-26T17:38:11.379184,3.473763715,MLhc,Muerren BE,46.53897646,7.855241885,0.6079101562,CH,BNALP,--,data/raw/switzerland/2024tbdkpx/CH.BNALP.--.HH.20240926T173811.mseed,data/metadata/switzerland/2024tbdkpx/CH.BNALP.--.HH.xml,OK,,0,HHE;HHN;HHZ,True,200.0,2024-09-26T17:36:41.380001Z,2024-09-26T17:41:41.380000Z,True,True,True,applied,,counts,m/s,"0.05,0.08,40,80",0.1,15.0,46.87034,8.4249,56.9601748083993,56.9634186909583,7.324055137659875e-06,2.0177760405859505e-05,1.2690897343792546e-05,2.3206815182555286e-05,2.3227371245725062e-05,5.580802593990684e-07,2.6434215531561737e-07,5.6063200935447314e-11,0.0002783211719598519,0.0007518688864607243,band_limited_pgv_m_s,band_limited_pga_m_s2,ok,27.706723995327767,2.1112041654224076,82.99077817173881,60.3623193869618,4.0329216960629095,trigger_onset_first,trigger_onset_first,-80.004184,-74.389184,15.000250000000001,2024-09-26T17:38:08.855000Z,-2.524184,2.51746581992467,False,False,True,39,10,search_window_pre_origin,-73.764184,-63.889183,True,-5.0,90.0
2024tbdkpx,smi:ch.ethz.sed/sc20a/Event/2024tbdkpx,2024-09-26T17:38:11.379184,3.473763715,MLhc,Muerren BE,46.53897646,7.855241885,0.6079101562,CH,PANIX,--,data/raw/switzerland/2024tbdkpx/CH.PANIX.--.HH.20240926T173811.mseed,data/metadata/switzerland/2024tbdkpx/CH.PANIX.--.HH.xml,OK,,0,HHE;HHN;HHZ,True,200.0,2024-09-26T17:36:41.380000Z,2024-09-26T17:41:41.380000Z,True,True,True,applied,,counts,m/s,"0.05,0.08,40,80",0.1,15.0,46.825743,9.111708,101.01234795588115,101.01417719467906,4.771014602438008e-06,3.9946727768641485e-06,3.5212163318441733e-06,4.465951426347546e-06,5.99739759308012e-06,3.79332097221984e-07,1.4980270144065397e-07,2.5901430661109093e-11,0.00013515814412720656,0.00012864110417689696,band_limited_pgv_m_s,band_limited_pga_m_s2,ok,31.848655308316317,2.5322113257901475,24.345137350384423,25.322774898711117,5.304274513066698,trigger_onset_first,trigger_onset_first,-80.004184,-72.449184,15.000250000000001,2024-09-26T17:38:06.945000Z,-4.434184,2.5295873631619386,False,False,True,38,7,search_window_pre_origin,-61.074184,-73.999184,True,-5.0,90.0
2024tbdkpx,smi:ch.ethz.sed/sc20a/Event/2024tbdkpx,2024-09-26T17:38:11.379184,3.473763715,MLhc,Muerren BE,46.53897646,7.855241885,0.6079101562,CH,WGT,--,data/raw/switzerland/2024tbdkpx/CH.WGT.--.HH.20240926T173811.mseed,data/metadata/switzerland/2024tbdkpx/CH.WGT.--.HH.xml,OK,,0,HHE;HHN;HHZ,True,200.0,2024-09-26T17:36:41.380000Z,2024-09-26T17:41:41.380000Z,True,True,True,applied,,counts,m/s,"0.05,0.08,40,80",0.1,15.0,47.09838,8.92525,102.4591397321602,102.46094314133722,1.651692020032197e-05,1.4380189405863651e-05,1.662942447065796e-05,1.7062178558519753e-05,2.151811336471e-05,8.552023230843314e-07,1.8551370946235315e-07,1.3165043926865775e-10,0.0003710746234183134,0.00041771093047826444,band_limited_pgv_m_s,band_limited_pga_m_s2,ok,89.0334210241955,4.609914413133333,71.91586870496042,71.44822046163887,23.97137582699481,trigger_onset_first,trigger_onset_first,-80.004184,-72.244184,15.000250000000001,2024-09-26T17:38:08.515000Z,-2.864184,2.5183470989890204,False,False,True,40,7,search_window_pre_origin,-74.479184,-71.484184,True,-5.0,90.0
2025ofuozq,smi:ch.ethz.sed/sc20a/Event/2025ofuozq,2025-07-21T10:52:16.706137,4.180414102,MLhc,Muerren BE,46.53979506,7.858811835,0.7153320312,CH,LAUCH,--,data/raw/switzerland/2025ofuozq/CH.LAUCH.--.HH.20250721T105216.mseed,data/metadata/switzerland/2025ofuozq/CH.LAUCH.--.HH.xml,OK,,0,HHE;HHN;HHZ,True,200.0,2025-07-21T10:50:46.705000Z,2025-07-21T10:55:46.705000Z,True,True,True,applied,,counts,m/s,"0.05,0.08,40,80",0.1,15.0,46.41554,7.77166,15.34378538271251,15.360450832758874,0.0004215596242396205,0.0012413174200529844,0.0016522756506307833,0.0017507347212551369,0.0017547986077263635,2.8463348661123236e-05,1.0496212577175709e-07,1.4583324987192487e-07,0.012030187442812913,0.05315347021729259,band_limited_pgv_m_s,band_limited_pga_m_s2,ok,4016.3022722721244,271.17732660081157,10260.409976079272,8759.586943053271,677.6853633755247,trigger_onset_first,trigger_onset_first,-77.711137,-72.201137,15.000250000000001,2025-07-21T10:52:11.740000Z,-4.966137,2.528381779314351,False,False,True,26,8,search_window_pre_origin,-70.606137,-67.066137,True,-5.0,90.0
2025ofuozq,smi:ch.ethz.sed/sc20a/Event/2025ofuozq,2025-07-21T10:52:16.706137,4.180414102,MLhc,Muerren BE,46.53979506,7.858811835,0.7153320312,CH,FIESA,--,data/raw/switzerland/2025ofuozq/CH.FIESA.--.HH.20250721T105216.mseed,data/metadata/switzerland/2025ofuozq/CH.FIESA.--.HH.xml,OK,,0,HHE;HHN;HHZ,True,200.0,2025-07-21T10:50:46.705000Z,2025-07-21T10:55:46.705000Z,True,True,True,applied,,counts,m/s,"0.05,0.08,40,80",0.1,15.0,46.43521,8.11051,22.507007710652825,22.518372410150928,0.00015557204167356174,0.0001641820611316505,0.00021169396320471054,0.00023067430952487946,0.0002307171400336962,1.2273465365696312e-05,1.3825784592021258e-07,2.7115584564690862e-08,0.0019235825118098292,0.0035829510473582324,band_limited_pgv_m_s,band_limited_pga_m_s2,ok,1125.231198548696,88.7722883573582,996.2803069857806,855.5416364660085,12.117509306344399,trigger_onset_first,trigger_onset_first,-77.521137,-75.001137,15.000250000000001,2025-07-21T10:52:17.470000Z,0.763863,2.5130056005605814,False,True,True,29,9,expected_event_window,-70.266137,-72.991137,True,-5.0,90.0
2025ofuozq,smi:ch.ethz.sed/sc20a/Event/2025ofuozq,2025-07-21T10:52:16.706137,4.180414102,MLhc,Muerren BE,46.53979506,7.858811835,0.7153320312,CH,MMK,--,data/raw/switzerland/2025ofuozq/CH.MMK.--.HH.20250721T105216.mseed,data/metadata/switzerland/2025ofuozq/CH.MMK.--.HH.xml,OK,,0,HHE;HHN;HHZ,True,200.0,2025-07-21T10:50:46.705000Z,2025-07-21T10:55:46.705000Z,True,True,True,applied,,counts,m/s,"0.05,0.08,40,80",0.1,15.0,46.0507,7.96409,54.98306501818733,54.98771807148462,2.9596180324899726e-05,3.8054807687742614e-05,3.257868561627686e-05,3.85508637100162e-05,4.690562736254147e-05,3.2266940437891997e-06,1.011501283114379e-07,1.874131859172707e-09,0.0008403269682425725,0.0012932358275437414,band_limited_pgv_m_s,band_limited_pga_m_s2,ok,292.59656729029615,31.900048943628775,415.0358395415731,341.55811343591125,35.45971177985579,trigger_onset_first,trigger_onset_first,-80.006137,-73.711137,15.000250000000001,2025-07-21T10:52:19.440000Z,2.733863,2.5280200126407193,False,True,True,28,7,expected_event_window,-73.846137,-74.066137,True,-5.0,90.0
2025ofuozq,smi:ch.ethz.sed/sc20a/Event/2025ofuozq,2025-07-21T10:52:16.706137,4.180414102,MLhc,Muerren BE,46.53979506,7.858811835,0.7153320312,CH,BNALP,--,data/raw/switzerland/2025ofuozq/CH.BNALP.--.HH.20250721T105216.mseed,data/metadata/switzerland/2025ofuozq/CH.BNALP.--.HH.xml,OK,,0,HHE;HHN;HHZ,True,200.0,2025-07-21T10:50:46.705000Z,2025-07-21T10:55:46.705000Z,True,True,True,applied,,counts,m/s,"0.05,0.08,40,80",0.1,15.0,46.87034,8.4249,56.69355463567906,56.69806731400628,2.7791423613916618e-05,4.817702713170498e-05,2.7821328772216127e-05,5.3194136702262384e-05,5.389876705396263e-05,2.3527444242509154e-06,1.4663981600932302e-07,9.96400815683508e-10,0.0006656331966718764,0.0014841818322608815,band_limited_pgv_m_s,band_limited_pga_m_s2,ok,189.5216754237451,16.044376543007484,311.5645358191705,239.48442119787828,12.548704270126317,trigger_onset_first,trigger_onset_first,-80.006137,-73.791137,15.000250000000001,2025-07-21T10:52:20.405000Z,3.698863,2.541436090774012,False,True,True,37,10,expected_event_window,-62.146137,-69.071137,True,-5.0,90.0
2025ofuozq,smi:ch.ethz.sed/sc20a/Event/2025ofuozq,2025-07-21T10:52:16.706137,4.180414102,MLhc,Muerren BE,46.53979506,7.858811835,0.7153320312,CH,PANIX,--,data/raw/switzerland/2025ofuozq/CH.PANIX.--.HH.20250721T105216.mseed,data/metadata/switzerland/2025ofuozq/CH.PANIX.--.HH.xml,OK,,0,HHE;HHN;HHZ,True,200.0,2025-07-21T10:50:46.705000Z,2025-07-21T10:55:46.705000Z,True,True,True,applied,,counts,m/s,"0.05,0.08,40,80",0.1,15.0,46.825743,9.111708,100.72453198737176,100.72707205111215,1.3765399015064783e-05,1.2513384036295612e-05,1.0467448572805452e-05,1.4215920566560762e-05,1.7203580719869464e-05,1.3441958579549262e-06,7.733669836567605e-08,3.252442851302952e-10,0.000351286281978652,0.0004459466320471373,band_limited_pgv_m_s,band_limited_pga_m_s2,ok,177.993104256623,17.38108668150118,193.81595106805085,161.40386251941484,12.986975621153059,trigger_onset_first,trigger_onset_first,-80.006137,-59.756137,15.000250000000001,2025-07-21T10:52:12.540000Z,-4.166137,2.517434074454314,False,False,True,35,9,search_window_pre_origin,-68.761137,-72.751137,True,-5.0,90.0
2025ofuozq,smi:ch.ethz.sed/sc20a/Event/2025ofuozq,2025-07-21T10:52:16.706137,4.180414102,MLhc,Muerren BE,46.53979506,7.858811835,0.7153320312,CH,WGT,--,data/raw/switzerland/2025ofuozq/CH.WGT.--.HH.20250721T105216.mseed,data/metadata/switzerland/2025ofuozq/CH.WGT.--.HH.xml,OK,,0,HHE;HHN;HHZ,True,200.0,2025-07-21T10:50:46.705000Z,2025-07-21T10:55:46.705000Z,True,True,True,applied,,counts,m/s,"0.05,0.08,40,80",0.1,15.0,47.09838,8.92525,102.18758732009717,102.19009101775643,5.3885202743312986e-05,4.902566623160225e-05,9.10105617541025e-05,9.132309042219785e-05,0.00010565518596955183,3.382694242922448e-06,1.3098420443646978e-07,2.059728874499827e-09,0.0014418445333783325,0.00226015945430636,band_limited_pgv_m_s,band_limited_pga_m_s2,ok,411.3870292615969,25.825207378826576,627.0718921813902,539.4070118631474,76.12218624845754,trigger_onset_first,trigger_onset_first,-80.006137,-74.421137,15.000250000000001,2025-07-21T10:52:13.410000Z,-3.296137,2.5046071760357203,False,False,True,34,7,search_window_pre_origin,-72.236137,-61.111137,True,-5.0,90.0
2025ovpxfj,smi:ch.ethz.sed/sc20a/Event/2025ovpxfj,2025-07-30T01:42:35.022964,2.967159696,MLhc,Affoltern am Albis ZH,47.29902679,8.437549525,6.583251953,CH,ZUR,--,data/raw/switzerland/2025ovpxfj/CH.ZUR.--.HH.20250730T014235.mseed,data/metadata/switzerland/2025ovpxfj/CH.ZUR.--.HH.xml,OK,,0,HHE;HHN;HHZ,True,200.0,2025-07-30T01:41:05.025000Z,2025-07-30T01:46:05.025000Z,True,True,True,applied,,counts,m/s,"0.05,0.08,40,80",0.1,15.0,47.36921,8.58088,13.32554446865156,14.86301926469479,3.882939272033124e-05,9.313070628871889e-05,7.833769871323201e-05,9.313477564169777e-05,9.31597873504495e-05,1.943592150609677e-06,1.0608145330942186e-06,6.799779683763186e-10,0.0017188411176635035,0.004059794716767988,band_limited_pgv_m_s,band_limited_pga_m_s2,ok,36.60337552792795,1.832169611157705,66.74705279116989,53.14920374032167,4.259440959054772,trigger_onset_first,trigger_onset_first,-79.847964,-72.792964,15.000250000000001,2025-07-30T01:42:36.600000Z,1.577036,2.512190080181575,False,True,True,14,1,expected_event_window,-74.917964,-74.637964,True,-5.0,90.0
2025ovpxfj,smi:ch.ethz.sed/sc20a/Event/2025ovpxfj,2025-07-30T01:42:35.022964,2.967159696,MLhc,Affoltern am Albis ZH,47.29902679,8.437549525,6.583251953,CH,DAGMA,--,data/raw/switzerland/2025ovpxfj/CH.DAGMA.--.HH.20250730T014235.mseed,data/metadata/switzerland/2025ovpxfj/CH.DAGMA.--.HH.xml,OK,,0,HHE;HHN;HHZ,True,200.0,2025-07-30T01:41:05.025000Z,2025-07-30T01:46:05.025000Z,True,True,True,applied,,counts,m/s,"0.05,0.08,40,80",0.1,15.0,47.230884,8.012475,32.95800108566749,33.60906190061748,2.80041853896773e-05,5.383777149774584e-05,2.1476708366316876e-05,5.386059315108045e-05,5.3861022069420433e-05,1.845901100571492e-06,1.733651517655818e-06,6.133401939107537e-10,0.000982911213166078,0.0021428728092708765,band_limited_pgv_m_s,band_limited_pga_m_s2,ok,16.153295575539637,1.0647474891998214,22.441518312073715,18.191982728892757,2.944021106398843,trigger_onset_first,trigger_onset_first,-79.442964,-73.907964,15.000250000000001,2025-07-30T01:42:41.260000Z,6.237036,2.505908576292002,False,True,True,10,2,expected_event_window,-74.907964,-72.767964,True,-5.0,90.0
2025ovpxfj,smi:ch.ethz.sed/sc20a/Event/2025ovpxfj,2025-07-30T01:42:35.022964,2.967159696,MLhc,Affoltern am Albis ZH,47.29902679,8.437549525,6.583251953,CH,SLE,--,data/raw/switzerland/2025ovpxfj/CH.SLE.--.HH.20250730T014235.mseed,data/metadata/switzerland/2025ovpxfj/CH.SLE.--.HH.xml,OK,,0,HHE;HHN;HHZ,True,200.0,2025-07-30T01:41:05.025001Z,2025-07-30T01:46:05.025001Z,True,True,True,applied,,counts,m/s,"0.05,0.08,40,80",0.1,15.0,47.7645,8.49236,51.92157694016537,52.337265482925176,8.266572927393958e-06,1.3923058272745982e-05,1.6123934779866266e-05,1.615370609964881e-05,1.6251670372237594e-05,1.3265279267466756e-06,1.314145202953424e-06,3.167505396606923e-10,0.00046099319951495613,0.0008031835463629448,band_limited_pgv_m_s,band_limited_pga_m_s2,ok,6.290456266792721,1.0094226450512642,11.209454747070438,8.332891246786861,3.110034258066774,trigger_onset_first,trigger_onset_first,-80.002963,-74.577963,15.000250000000001,2025-07-30T01:42:35.810001Z,0.787037,2.5052258524346804,False,True,False,12,0,expected_event_window,-42.057963,-57.757963,True,-5.0,90.0
2025ovpxfj,smi:ch.ethz.sed/sc20a/Event/2025ovpxfj,2025-07-30T01:42:35.022964,2.967159696,MLhc,Affoltern am Albis ZH,47.29902679,8.437549525,6.583251953,CH,BALST,--,data/raw/switzerland/2025ovpxfj/CH.BALST.--.HH.20250730T014235.mseed,data/metadata/switzerland/2025ovpxfj/CH.BALST.--.HH.xml,OK,,0,HHE;HHN;HHZ,True,200.0,2025-07-30T01:41:05.025000Z,2025-07-30T01:46:05.025000Z,True,True,True,applied,,counts,m/s,"0.05,0.08,40,80",0.1,15.0,47.33599,7.69485,56.137321720504836,56.52201426195056,7.651201805773947e-06,8.937669877692678e-06,8.262302880515227e-06,9.664619301722352e-06,1.0254792121822437e-05,1.38258617398883e-06,1.2066705543844347e-06,3.4408757285355534e-10,0.00029232055092616156,0.00038588378121071776,band_limited_pgv_m_s,band_limited_pga_m_s2,ok,6.340754548102066,1.1457859553837675,5.630289293391695,4.887356015428879,3.2869542557768434,trigger_onset_first,trigger_onset_first,-78.312964,-72.842964,15.000250000000001,2025-07-30T01:42:51.320000Z,16.297036,2.5073164356680975,False,True,True,14,3,expected_event_window,-38.792964,-70.662964,True,-5.0,90.0
2025ovpxfj,smi:ch.ethz.sed/sc20a/Event/2025ovpxfj,2025-07-30T01:42:35.022964,2.967159696,MLhc,Affoltern am Albis ZH,47.29902679,8.437549525,6.583251953,CH,CHASS,--,data/raw/switzerland/2025ovpxfj/CH.CHASS.--.HH.20250730T014235.mseed,data/metadata/switzerland/2025ovpxfj/CH.CHASS.--.HH.xml,OK,,0,HHE;HHN;HHZ,True,200.0,2025-07-30T01:41:05.025000Z,2025-07-30T01:46:05.025000Z,True,True,True,applied,,counts,m/s,"0.05,0.08,40,80",0.1,15.0,47.1609,7.12129,100.56628013269518,100.78152561855967,4.835743433863133e-06,1.1917685468395557e-05,5.769799044412578e-06,1.1934125788014014e-05,1.1998990746483532e-05,1.2654687692823308e-06,9.55365607783117e-07,2.8826202414123884e-10,0.00016284080956059633,0.00041855499387531003,band_limited_pgv_m_s,band_limited_pga_m_s2,ok,5.061667904378784,1.3245910874045324,11.970902207128935,8.68992893061668,4.257795231747295,trigger_onset_first,trigger_onset_first,-78.062964,-60.417964,15.000250000000001,2025-07-30T01:43:49.860000Z,74.837036,2.5001163758434606,False,True,True,12,3,expected_event_window,-55.732964,-58.702964,True,-5.0,90.0
2025ovpxfj,smi:ch.ethz.sed/sc20a/Event/2025ovpxfj,2025-07-30T01:42:35.022964,2.967159696,MLhc,Affoltern am Albis ZH,47.29902679,8.437549525,6.583251953,CH,LAUCH,--,data/raw/switzerland/2025ovpxfj/CH.LAUCH.--.HH.20250730T014235.mseed,data/metadata/switzerland/2025ovpxfj/CH.LAUCH.--.HH.xml,OK,,0,HHE;HHN;HHZ,True,200.0,2025-07-30T01:41:05.025000Z,2025-07-30T01:46:05.025000Z,True,True,True,applied,,counts,m/s,"0.05,0.08,40,80",0.1,15.0,46.41554,7.77166,110.51850581614029,110.71440436595825,5.105373095260141e-06,1.2725500457049256e-05,1.7390901341027715e-05,1.7640192410649497e-05,1.7795612142380024e-05,1.5691558592950845e-06,1.1377012559044122e-06,4.43217331187371e-10,0.0001846896005131643,0.0006241428525640738,band_limited_pgv_m_s,band_limited_pga_m_s2,ok,4.487446127675794,1.3792336530802973,14.811825517848801,10.804615947699142,2.498498980262161,trigger_onset_first,trigger_onset_first,-79.172964,-60.102964,15.000250000000001,2025-07-30T01:43:28.980000Z,53.957036,2.5035771010142187,False,True,True,10,4,expected_event_window,-55.762964,-72.037964,True,-5.0,90.0
2025rgmtqp,smi:ch.ethz.sed/sc20a/Event/2025rgmtqp,2025-09-02T07:49:51.703044,3.783382029,MLhc,Strada GR,46.74388384,10.54276941,9.584960938,CH,FUORN,--,data/raw/switzerland/2025rgmtqp/CH.FUORN.--.HH.20250902T074951.mseed,data/metadata/switzerland/2025rgmtqp/CH.FUORN.--.HH.xml,OK,,0,HHE;HHN;HHZ,True,200.0,2025-09-02T07:48:21.705000Z,2025-09-02T07:53:21.705000Z,True,True,True,applied,,counts,m/s,"0.05,0.08,40,80",0.1,15.0,46.620334,10.263551,25.346194055327114,27.097989395401374,0.00015034820868219928,0.00014723040718964107,0.0001889572477543512,0.00021507431229079665,0.00021674988754199427,8.165841531906761e-06,1.0109929476208168e-07,1.2002907631198025e-08,0.004351195300385815,0.006434796819529681,band_limited_pgv_m_s,band_limited_pga_m_s2,ok,1487.1340995603948,80.77050934057992,1509.4670880763285,1240.6457650770662,404.4284180256976,trigger_onset_first,trigger_onset_first,-79.493044,-73.488044,15.000250000000001,2025-09-02T07:49:55.945000Z,4.241956,2.528943373046185,False,True,True,29,8,expected_event_window,-69.878044,-69.558044,True,-5.0,90.0
2025rgmtqp,smi:ch.ethz.sed/sc20a/Event/2025rgmtqp,2025-09-02T07:49:51.703044,3.783382029,MLhc,Strada GR,46.74388384,10.54276941,9.584960938,CH,DAVOX,--,data/raw/switzerland/2025rgmtqp/CH.DAVOX.--.HH.20250902T074951.mseed,data/metadata/switzerland/2025rgmtqp/CH.DAVOX.--.HH.xml,OK,,0,HHE;HHN;HHZ,True,200.0,2025-09-02T07:48:21.705000Z,2025-09-02T07:53:21.705000Z,True,True,True,applied,,counts,m/s,"0.05,0.08,40,80",0.1,15.0,46.7805,9.87952,50.684439285828645,51.58278648834159,5.1911539436791864e-05,7.460297767677045e-05,8.376912498242718e-05,0.00010256634477981413,0.00010937188493245654,3.617745206463241e-06,1.1907257781604153e-07,2.3559199086016914e-09,0.002452052216945952,0.004915975477673719,band_limited_pgv_m_s,band_limited_pga_m_s2,ok,435.96552950244694,30.3826898923142,673.5892597904415,565.8214080429655,96.31540017553375,trigger_onset_first,trigger_onset_first,-80.003044,-70.408044,15.000250000000001,2025-09-02T07:49:48.225000Z,-3.478044,2.5077262562145797,False,False,True,27,8,search_window_pre_origin,-69.613044,-73.153044,True,-5.0,90.0
2025rgmtqp,smi:ch.ethz.sed/sc20a/Event/2025rgmtqp,2025-09-02T07:49:51.703044,3.783382029,MLhc,Strada GR,46.74388384,10.54276941,9.584960938,CH,BERNI,--,data/raw/switzerland/2025rgmtqp/CH.BERNI.--.HH.20250902T074951.mseed,data/metadata/switzerland/2025rgmtqp/CH.BERNI.--.HH.xml,OK,,0,HHE;HHN;HHZ,True,200.0,2025-09-02T07:48:21.705000Z,2025-09-02T07:53:21.705000Z,True,True,True,applied,,counts,m/s,"0.05,0.08,40,80",0.1,15.0,46.413636,10.023095,54.093186131995374,54.935819481406504,7.521935622999429e-05,9.825870005771267e-05,7.436056880922712e-05,9.825951857618072e-05,0.00010266048424759433,3.489988177500891e-06,9.488465219607432e-08,2.192464046324674e-09,0.003108348361113268,0.004500325372300082,band_limited_pgv_m_s,band_limited_pga_m_s2,ok,792.7452384454896,36.78137714294412,658.7048239598778,580.6887423379887,35.98465278901805,trigger_onset_first,trigger_onset_first,-79.593044,-71.138044,15.000250000000001,2025-09-02T07:49:48.505000Z,-3.198044,2.5242044591418287,False,False,True,32,8,search_window_pre_origin,-70.788044,-67.578044,True,-5.0,90.0
2025rgmtqp,smi:ch.ethz.sed/sc20a/Event/2025rgmtqp,2025-09-02T07:49:51.703044,3.783382029,MLhc,Strada GR,46.74388384,10.54276941,9.584960938,CH,LIENZ,--,data/raw/switzerland/2025rgmtqp/CH.LIENZ.--.HH.20250902T074951.mseed,data/metadata/switzerland/2025rgmtqp/CH.LIENZ.--.HH.xml,OK,,0,HHE;HHN;HHZ,True,200.0,2025-09-02T07:48:21.705001Z,2025-09-02T07:53:21.705000Z,True,True,True,applied,,counts,m/s,"0.05,0.08,40,80",0.1,15.0,47.294437,9.491773,100.47527386693795,100.93142293071654,1.3422143348492469e-05,1.959101159712393e-05,1.210919369099185e-05,2.1274382877627803e-05,2.1553232787472822e-05,1.0310121073793866e-06,2.062350752300736e-07,1.913427887311469e-10,0.0003805919289130236,0.00041671996430714457,band_limited_pgv_m_s,band_limited_pga_m_s2,ok,65.08176814016177,4.999208336550903,76.18254218436643,62.08536475702479,22.348806603715662,trigger_onset_first,trigger_onset_first,-79.623043,-73.553043,15.000250000000001,2025-09-02T07:50:02.955001Z,11.251957,2.5038393308769953,False,True,True,37,8,expected_event_window,-73.348044,-73.848043,True,-5.0,90.0
2025rgmtqp,smi:ch.ethz.sed/sc20a/Event/2025rgmtqp,2025-09-02T07:49:51.703044,3.783382029,MLhc,Strada GR,46.74388384,10.54276941,9.584960938,CH,PANIX,--,data/raw/switzerland/2025rgmtqp/CH.PANIX.--.HH.20250902T074951.mseed,data/metadata/switzerland/2025rgmtqp/CH.PANIX.--.HH.xml,OK,,0,HHE;HHN;HHZ,True,200.0,2025-09-02T07:48:21.705000Z,2025-09-02T07:53:21.705000Z,True,True,True,applied,,counts,m/s,"0.05,0.08,40,80",0.1,15.0,46.825743,9.111708,109.33850448001985,109.75782449607092,5.877705167789085e-06,7.4828611964033e-06,6.393482647269303e-06,7.5184211752050295e-06,8.71581073403919e-06,5.471308466175192e-07,8.658182659884444e-08,5.3884886158489197e-11,0.00015225724566400237,0.00021719409247847744,band_limited_pgv_m_s,band_limited_pga_m_s2,ok,67.88613036569423,6.319234279411951,62.14772905865333,58.586816564230304,7.087427574927035,trigger_onset_first,trigger_onset_first,-79.943044,-73.008044,15.000250000000001,2025-09-02T07:49:52.890000Z,1.186956,2.548813173343068,False,True,True,34,7,expected_event_window,-72.398044,-72.093044,True,-5.0,90.0
2025rgmtqp,smi:ch.ethz.sed/sc20a/Event/2025rgmtqp,2025-09-02T07:49:51.703044,3.783382029,MLhc,Strada GR,46.74388384,10.54276941,9.584960938,CH,BNALP,--,data/raw/switzerland/2025rgmtqp/CH.BNALP.--.HH.20250902T074951.mseed,data/metadata/switzerland/2025rgmtqp/CH.BNALP.--.HH.xml,OK,,0,HHE;HHN;HHZ,True,200.0,2025-09-02T07:48:21.705000Z,2025-09-02T07:53:21.705000Z,True,True,True,applied,,counts,m/s,"0.05,0.08,40,80",0.1,15.0,46.87034,8.4249,161.79418236846854,162.0778483459854,6.1020177026849e-06,1.0868989673322713e-05,9.756329655850751e-06,1.2666627357377018e-05,1.3149725036379417e-05,6.870880540764147e-07,1.8772979076324933e-07,8.497855937978284e-11,0.00011442084521112412,0.00023401721225624233,band_limited_pgv_m_s,band_limited_pga_m_s2,ok,32.50425879598569,3.65998412549726,53.976697223763324,43.756697822005776,3.426093764585512,trigger_onset_first,trigger_onset_first,-79.713044,-73.373044,15.000250000000001,2025-09-02T07:49:50.420000Z,-1.283044,2.5590222853312623,False,False,True,30,2,search_window_pre_origin,-72.768044,-69.203044,True,-5.0,90.0
2026idhhja,smi:ch.ethz.sed/sc25a/Event/2026idhhja,2026-04-26T02:24:02.996231,3.828309888582389,MLhc,Sargans SG,47.10212640071457,9.41380556754973,2.2799804687500003,CH,WGT,--,data/raw/switzerland/2026idhhja/CH.WGT.--.HH.20260426T022402.mseed,data/metadata/switzerland/2026idhhja/CH.WGT.--.HH.xml,OK,,0,HHE;HHN;HHZ,True,200.0,2026-04-26T02:22:32.995000Z,2026-04-26T02:27:32.995000Z,True,True,True,applied,,counts,m/s,"0.05,0.08,40,80",0.1,15.0,47.09838,8.92525,36.9822037919793,37.05241838597542,6.16231080055484e-05,8.325542876562999e-05,6.566626429751845e-05,8.704567029181748e-05,9.125868122108532e-05,4.508309807112738e-06,1.1637430729250939e-07,3.6585759413301847e-09,0.0010950058501906679,0.0020391460592658743,band_limited_pgv_m_s,band_limited_pga_m_s2,ok,529.5250252330814,38.73973484354241,531.76241075105,454.37596713340093,87.39164388145603,trigger_onset_first,trigger_onset_first,-79.191231,-74.766231,15.000250000000001,2026-04-26T02:24:09.865000Z,6.868769,2.5157815664542116,False,True,True,28,6,expected_event_window,-73.566231,-74.321231,True,-5.0,90.0
2026idhhja,smi:ch.ethz.sed/sc25a/Event/2026idhhja,2026-04-26T02:24:02.996231,3.828309888582389,MLhc,Sargans SG,47.10212640071457,9.41380556754973,2.2799804687500003,CH,PANIX,--,data/raw/switzerland/2026idhhja/CH.PANIX.--.HH.20260426T022402.mseed,data/metadata/switzerland/2026idhhja/CH.PANIX.--.HH.xml,OK,,0,HHE;HHN;HHZ,True,200.0,2026-04-26T02:22:32.995001Z,2026-04-26T02:27:32.995001Z,True,True,True,applied,,counts,m/s,"0.05,0.08,40,80",0.1,15.0,46.825743,9.111708,38.34098042778229,38.408711135645596,4.835722901245163e-05,5.910530288430553e-05,6.839170611474201e-05,7.50554495289231e-05,8.190385493349207e-05,3.7169678508886763e-06,7.025560493969446e-08,2.48692208006722e-09,0.0013536406137829601,0.0021458832313021787,band_limited_pgv_m_s,band_limited_pga_m_s2,ok,688.3042150723802,52.90635322376375,784.8201871811314,690.2029014885734,50.772869086584215,trigger_onset_first,trigger_onset_first,-78.91123,-74.60623,15.000250000000001,2026-04-26T02:24:00.775001Z,-2.22123,2.5412423105538204,False,False,True,33,7,search_window_pre_origin,-57.79123,-69.18623,True,-5.0,90.0
2026idhhja,smi:ch.ethz.sed/sc25a/Event/2026idhhja,2026-04-26T02:24:02.996231,3.828309888582389,MLhc,Sargans SG,47.10212640071457,9.41380556754973,2.2799804687500003,CH,BERNI,--,data/raw/switzerland/2026idhhja/CH.BERNI.--.HH.20260426T022402.mseed,data/metadata/switzerland/2026idhhja/CH.BERNI.--.HH.xml,OK,,0,HHE;HHN;HHZ,True,200.0,2026-04-26T02:22:32.995000Z,2026-04-26T02:27:32.995000Z,True,True,True,applied,,counts,m/s,"0.05,0.08,40,80",0.1,15.0,46.413636,10.023095,89.52698161247008,89.55600899759567,8.022363791713066e-06,8.117322083801961e-06,1.0932101765425632e-05,1.1558223514781023e-05,1.2178968031205843e-05,1.0007777147474162e-06,1.2381004575122854e-07,1.8028509396048266e-10,0.00014698870660668435,0.0002572541003780066,band_limited_pgv_m_s,band_limited_pga_m_s2,ok,64.79574208245103,8.083170543029103,135.8111824444478,81.06387315639296,19.130960497570953,trigger_onset_first,trigger_onset_first,-79.581231,-73.771231,15.000250000000001,2026-04-26T02:24:12.850000Z,9.853769,2.519241507736413,False,True,True,39,7,expected_event_window,-73.206231,-74.116231,True,-5.0,90.0
2026idhhja,smi:ch.ethz.sed/sc25a/Event/2026idhhja,2026-04-26T02:24:02.996231,3.828309888582389,MLhc,Sargans SG,47.10212640071457,9.41380556754973,2.2799804687500003,CH,DAVOX,--,data/raw/switzerland/2026idhhja/CH.DAVOX.--.HH.20260426T022402.mseed,data/metadata/switzerland/2026idhhja/CH.DAVOX.--.HH.xml,OK,,0,HHE;HHN;HHZ,True,200.0,2026-04-26T02:22:32.995000Z,2026-04-26T02:27:32.995000Z,True,True,True,applied,,counts,m/s,"0.05,0.08,40,80",0.1,15.0,46.7805,9.87952,50.28960971351702,50.34126692958518,4.0876265891272724e-05,7.149083536077474e-05,5.307698099065794e-05,7.211727056962482e-05,7.236809853587984e-05,2.992768551488929e-06,1.021146743365839e-07,1.6122442318186193e-09,0.0007469285705123506,0.0019458283811750398,band_limited_pgv_m_s,band_limited_pga_m_s2,ok,400.29766688124545,29.3079184841187,711.3607814436083,502.93022044986697,104.66268558529542,trigger_onset_first,trigger_onset_first,-80.006231,-74.121231,15.000250000000001,2026-04-26T02:24:09.665000Z,6.668769,2.531629185252105,False,True,True,28,6,expected_event_window,-72.556231,-61.666231,True,-5.0,90.0
2026idhhja,smi:ch.ethz.sed/sc25a/Event/2026idhhja,2026-04-26T02:24:02.996231,3.828309888582389,MLhc,Sargans SG,47.10212640071457,9.41380556754973,2.2799804687500003,CH,WIMIS,--,data/raw/switzerland/2026idhhja/CH.WIMIS.--.HH.20260426T022402.mseed,data/metadata/switzerland/2026idhhja/CH.WIMIS.--.HH.xml,OK,,0,HHE;HHN;HHZ,True,200.0,2026-04-26T02:22:32.995000Z,2026-04-26T02:27:32.995000Z,True,True,True,applied,,counts,m/s,"0.05,0.08,40,80",0.1,15.0,46.66488,7.62418,144.43607960655225,144.45407368104293,8.533405697823756e-06,1.293766264756604e-05,1.0672606571467873e-05,1.5239256068037772e-05,1.5296486649105203e-05,9.47916517564937e-07,1.0926262697531413e-07,1.617427230976601e-10,0.0002101370330604576,0.00022833067488720485,band_limited_pgv_m_s,band_limited_pga_m_s2,ok,78.09994994676195,8.67557868418358,98.59325341497959,80.81143076914297,9.074223445734171,trigger_onset_first,trigger_onset_first,-79.786231,-73.896231,15.000250000000001,2026-04-26T02:23:59.575000Z,-3.421231,2.528780287244664,False,False,True,36,7,search_window_pre_origin,-73.006231,-74.326231,True,-5.0,90.0
2026idhhja,smi:ch.ethz.sed/sc25a/Event/2026idhhja,2026-04-26T02:24:02.996231,3.828309888582389,MLhc,Sargans SG,47.10212640071457,9.41380556754973,2.2799804687500003,CH,SLE,--,data/raw/switzerland/2026idhhja/CH.SLE.--.HH.20260426T022402.mseed,data/metadata/switzerland/2026idhhja/CH.SLE.--.HH.xml,OK,,0,HHE;HHN;HHZ,True,200.0,2026-04-26T02:22:32.995000Z,2026-04-26T02:27:32.995000Z,True,True,True,applied,,counts,m/s,"0.05,0.08,40,80",0.1,15.0,47.7645,8.49236,101.1342003120077,101.15989711188512,3.368438987717796e-05,6.795684318766815e-05,6.952281904443703e-05,8.46091183717459e-05,8.521409448570908e-05,2.3988650055174635e-06,1.1240981094841303e-07,1.0358483694119073e-09,0.0011632898297676399,0.0011838293532332501,band_limited_pgv_m_s,band_limited_pga_m_s2,ok,299.6570280919372,21.340352637176373,649.9433447930595,495.44254512083745,34.18101338544544,trigger_onset_first,trigger_onset_first,-76.156231,-73.911231,15.000250000000001,2026-04-26T02:23:59.800000Z,-3.196231,2.5125196935347556,False,False,True,32,6,search_window_pre_origin,-73.061231,-74.686231,True,-5.0,90.0
2022ezutme,smi:ch.ethz.sed/sc20a/Event/2022ezutme,2022-03-12T17:03:23.324094,4.171063018,MLhc,Annecy F,45.66375859,6.362614507,6.99453125,CH,SALEV,--,data/raw/switzerland/2022ezutme/CH.SALEV.--.HH.20220312T170323.mseed,data/metadata/switzerland/2022ezutme/CH.SALEV.--.HH.xml,OK,,0,HHE;HHN;HHZ,True,200.0,2022-03-12T17:01:53.325000Z,2022-03-12T17:06:53.325000Z,True,True,True,applied,,counts,m/s,"0.05,0.08,40,80",0.1,15.0,46.06019,6.09704,48.64206256096899,49.14238209114865,5.733015871826305e-05,0.00012654929423843824,0.000126376246560197,0.0001297059299974828,0.00013013796496892313,5.7329666423924455e-06,6.491111815068846e-07,5.916207508633826e-09,0.0031631121222208632,0.006554234801647094,band_limited_pgv_m_s,band_limited_pga_m_s2,ok,88.32101549255934,8.832025707959,130.4605687817145,109.60332422775672,119.44547097573603,trigger_onset_first,trigger_onset_first,-80.004094,-72.424094,15.000250000000001,2022-03-12T17:03:19.270000Z,-4.054094,2.509569238240817,False,False,True,29,5,search_window_pre_origin,-74.754094,-74.734094,True,-5.0,90.0
2022ezutme,smi:ch.ethz.sed/sc20a/Event/2022ezutme,2022-03-12T17:03:23.324094,4.171063018,MLhc,Annecy F,45.66375859,6.362614507,6.99453125,CH,MFERR,--,data/raw/switzerland/2022ezutme/CH.MFERR.--.HH.20220312T170323.mseed,data/metadata/switzerland/2022ezutme/CH.MFERR.--.HH.xml,OK,,0,HHE;HHN;HHZ,True,200.0,2022-03-12T17:01:53.325000Z,2022-03-12T17:06:53.325000Z,True,True,True,applied,,counts,m/s,"0.05,0.08,40,80",0.1,15.0,45.95101,7.11229,66.30771589719878,66.67560764560645,5.6412537734626224e-05,6.360431214381066e-05,6.962299067511566e-05,9.158482233905531e-05,9.702943322029272e-05,4.134212604473437e-06,5.918597184716108e-07,3.0765939531869623e-09,0.0020587652686916125,0.0030849815328925782,band_limited_pgv_m_s,band_limited_pga_m_s2,ok,95.31403468427142,6.985122446159071,138.80300538562142,109.46783736888091,50.20025751920031,trigger_onset_first,trigger_onset_first,-80.004094,-58.254094,15.000250000000001,2022-03-12T17:03:23.475000Z,0.150906,2.5082418729840783,False,True,True,25,6,expected_event_window,-70.159094,-72.449094,True,-5.0,90.0
2022ezutme,smi:ch.ethz.sed/sc20a/Event/2022ezutme,2022-03-12T17:03:23.324094,4.171063018,MLhc,Annecy F,45.66375859,6.362614507,6.99453125,CH,PERON,--,data/raw/switzerland/2022ezutme/CH.PERON.--.HH.20220312T170323.mseed,data/metadata/switzerland/2022ezutme/CH.PERON.--.HH.xml,OK,,0,HHE;HHN;HHZ,True,200.0,2022-03-12T17:01:53.325000Z,2022-03-12T17:06:53.325000Z,True,True,True,applied,,counts,m/s,"0.05,0.08,40,80",0.1,15.0,46.19107,5.90792,68.37192581719901,68.72876913898423,0.00010327650208817016,0.0002830072986458619,0.0002407445400149543,0.0003175547934442234,0.00031958710824903607,6.436136391502533e-06,7.788497362711981e-07,7.456500416262437e-09,0.0037343105122175178,0.014640728478279588,band_limited_pgv_m_s,band_limited_pga_m_s2,ok,132.60131868646988,8.26364328286997,319.8612977171053,253.27095929419994,16.140506086726308,trigger_onset_first,trigger_onset_first,-79.309094,-73.939094,15.000250000000001,2022-03-12T17:03:35.250000Z,11.925906,2.503057203161276,False,True,True,26,11,expected_event_window,-64.924094,-74.574094,True,-5.0,90.0
2022ezutme,smi:ch.ethz.sed/sc20a/Event/2022ezutme,2022-03-12T17:03:23.324094,4.171063018,MLhc,Annecy F,45.66375859,6.362614507,6.99453125,CH,SENIN,--,data/raw/switzerland/2022ezutme/CH.SENIN.--.HH.20220312T170323.mseed,data/metadata/switzerland/2022ezutme/CH.SENIN.--.HH.xml,OK,,0,HHE;HHN;HHZ,True,200.0,2022-03-12T17:01:53.325000Z,2022-03-12T17:06:53.325000Z,True,True,True,applied,,counts,m/s,"0.05,0.08,40,80",0.1,15.0,46.36335,7.29938,106.2272858043343,106.4573140594997,5.042850277518893e-05,7.812751620407996e-05,5.7070980625046125e-05,8.138580544883605e-05,8.413188584034308e-05,3.440684092955913e-06,4.4152173573515577e-07,2.1309544564887113e-09,0.0011825693685213827,0.0024513675832057145,band_limited_pgv_m_s,band_limited_pga_m_s2,ok,114.21522134402501,7.792785302465352,104.65913262954672,94.08314017848114,80.50271767416992,trigger_onset_first,trigger_onset_first,-80.004094,-57.699094,15.000250000000001,2022-03-12T17:03:24.745000Z,1.420906,2.5073157606004317,False,True,True,31,9,expected_event_window,-74.739094,-74.844094,True,-5.0,90.0
2022ezutme,smi:ch.ethz.sed/sc20a/Event/2022ezutme,2022-03-12T17:03:23.324094,4.171063018,MLhc,Annecy F,45.66375859,6.362614507,6.99453125,CH,VANNI,--,data/raw/switzerland/2022ezutme/CH.VANNI.--.HH.20220312T170323.mseed,data/metadata/switzerland/2022ezutme/CH.VANNI.--.HH.xml,OK,,0,HHE;HHN;HHZ,True,120.0,2022-03-12T17:01:53.325000Z,2022-03-12T17:06:53.324999Z,True,True,True,applied,,counts,m/s,"0.05,0.08,24,48",0.1,15.0,46.21006,7.59678,113.12884191269183,113.34486463847422,3.2106950812948754e-05,3.937442919161294e-05,4.173492308259454e-05,4.651329384780397e-05,5.5520185425941905e-05,2.941128886330151e-06,6.583396674344697e-07,1.5571151280070646e-09,0.0006640171188705033,0.0009201300853393556,band_limited_pgv_m_s,band_limited_pga_m_s2,ok,48.76958263515944,4.467494565216834,81.08204348435747,63.58179649370179,30.077415684144345,trigger_onset_first,trigger_onset_first,-80.007427,-62.240761,15.000416666666666,2022-03-12T17:03:40.850000Z,17.525906,2.5172931322332897,False,True,True,31,7,expected_event_window,-72.215761,-74.274095,True,-5.0,90.0
2022ezutme,smi:ch.ethz.sed/sc20a/Event/2022ezutme,2022-03-12T17:03:23.324094,4.171063018,MLhc,Annecy F,45.66375859,6.362614507,6.99453125,CH,FIESA,--,data/raw/switzerland/2022ezutme/CH.FIESA.--.HH.20220312T170323.mseed,data/metadata/switzerland/2022ezutme/CH.FIESA.--.HH.xml,OK,,0,HHE;HHN;HHZ,True,200.0,2022-03-12T17:01:53.325000Z,2022-03-12T17:06:53.325000Z,True,True,True,applied,,counts,m/s,"0.05,0.08,40,80",0.1,15.0,46.43521,8.11051,159.85039852808333,160.00335426794743,2.769743246668633e-05,3.098251095989749e-05,2.4150400401918626e-05,3.1040633446608746e-05,3.963086178463613e-05,2.2338848425785017e-06,6.921273938122745e-07,8.982684193898054e-10,0.00034855198333712267,0.000418377537844819,band_limited_pgv_m_s,band_limited_pga_m_s2,ok,40.01782434029579,3.2275631083956164,28.640630715062226,30.818454667306433,2.980668688133979,trigger_onset_first,trigger_onset_first,-80.004094,-73.724094,15.000250000000001,2022-03-12T17:03:22.490000Z,-0.834094,2.505218455174847,False,False,True,36,7,search_window_pre_origin,-71.564094,-72.714094,True,-5.0,90.0
